Nm_Pr_NfComL	diúltú faoi mhóid	diúltú,faoi,móid
Nm_Pr	diúltú do	diúltú,do
Su_Nf	bóiléagar intinne	bóiléagar,intinn
Nm_Pr	teacht ar	teacht,ar
Nm_Pr_NfDatE	beart i gcrích	beart,i,críoch
Nm_na_NmGenW	lá na gcuntas	lá,na,cuntas
Nm_Nm	friothálaí Aifrinn	friothálaí,Aifreann
Nm_Nm	cupa dearcáin	cupa,dearcán
Nm_Nm	lucht aitheantais	lucht,aitheantas
Nm:VNTINmComPl	glanadh fiacha	glan,fiach
Nm:VNTNmComPl	maitheamh fiacha	maitheamh,fiach
Nm_VA	inneall suimithe	inneall,suimithe
Nm_Nm	ceann cabhlaigh	ceann,cabhlach
Nm_Nm	cábán deiridh	cábán,deireadh
Nm_VA	ionadaí údaraithe	ionadaí,údaraithe
Nm_Nf	spreagadh feirge	spreagadh,fearg
Nm_Nf	buaireamh intinne	buaireamh,intinn
Nm_Nf	geilleagraí talmhaíochta	geilleagraí,talmhaíocht
Nm_Nf	geilleagar talmhaíochta	geilleagar,talmhaíocht
Nm_Nf	poll gaoithe	poll,gaoth
Nm_Nf	poll anála	poll,anáil
Nm_VA	clog dúisithe	clog,dúisithe
Nm_Nm	gunna rabhaidh	gunna,rabhadh
Nm_A	duine scaollmhar	duine,scaollmhar
Nm_Nf	gealacán uibhe	gealacán,ubh
Nm_Nf	aistriú seilbhe	aistriú,seilbh
Nm_Nm	geadán talaimh	geadán,talamh
Nm_Nm	déanamh gláir	déanamh,glár
Nf_Nm	talamh gláir	talamh,glár
Nm_Nf	teach dídine	teach,dídean
Nm_Nm	iníor sléibhe	iníor,sliabh
Nm_Nf	pictiúr altóra	pictiúr,altóir
Nm_Nf	scáthlán altóra	scáthlán,altóir
Nm_A	duine soilíosach	duine,soilíosach
Nm_Nf	ionad spaisteoireachta	ionad,spaisteoireacht
Nm_AB	pardún ginearálta	pardún,ginearálta
Nm_Nf	gléasra ancaireachta	gléasra,ancaireacht
Nm_AB	pláta tuiní	pláta,tuiní
Nm_VNTGen	crann ceangail	crann,ceangal
Nm_Nf	bíomal uillinne	bíomal,uillinn
Nm_Nf	naipcín cathaoireach	naipcín,cathaoir
Nm_NfGenS	ceannaí seandachtaí	ceannaí,seandacht
Nm_Pr_NfComL	cianphointe ó ghrian	cianphointe,ó,grian
Nm_Nm	bloba craosghalair	bloba,craosghalar
Nm_Nm	coimriú deiridh	coimriú,deireadh
Nm_Pr_NfComL	cianphointe ó thalamh	cianphointe,ó,talamh
Nm_Nm	séantóir creidimh	séantóir,creideamh
Nm_Nm	croí úill	croí,úll
Nm_A	bealach stuach	bealach,stuach
Nm_Nm	loingeas cogaidh	loingeas,cogadh
Nm_Nm	crios iarainn	crios,iarann
Nm_Nf	taca uillinne	taca,uillinn
Nm_Nf	léirmheastóir ealaíne	léirmheastóir,ealaín
Nm_Nf	fear ceirde	fear,ceird
Nm_VA	consan análaithe	consan,análaithe
Nm_Nm	cinnire asail	cinnire,asal
Nm_Nf	briathar móide	briathar,móid
Nm_AB	dearbhú sollúnta	dearbhú,sollúnta
Nm_Nf	teach dídine	teach,dídean
Nm_Nf	seomra léitheoireachta	seomra,léitheoireacht
Nm_VA	ionadaí údaraithe	ionadaí,údaraithe
Nm_VNTIGen	seomra ceantála	seomra,ceantáil
Nm_VA	seomra fáiltithe	seomra,fáiltithe
Nm_Nm	fáinne solais	fáinne,solas
Nm_VNT	ceann tua	ceann,tua
Nm_Nm	bosca acastóra	bosca,acastóir
Nm_Nm	seafta acastóra	seafta,acastóir
Nm_Nm	fear gill	fear,geall
Nm_Nm	suíochán deiridh	suíochán,deireadh
Nm_Nm	lán mála	lán,mála
Nm_AB	mála lán	mála,lán
Nm_VA	galún taosctha	galún,taosctha
Nm_Pr_NmComL	cothromú le chéile	cothromú,le,céile
Nm_Nm	meáchan cothroim	meáchan,cothrom
Nm_Nf	maide cothromaíochta	maide,cothromaíocht
Nm_Nf	diúracán balaistíochta	diúracán,balaistíocht
Nm_Nm	bonn balúin	bonn,balún
Nm_Nf	bosca ballóide	bosca,ballóid
Nm_Nf	páipéar ballóide	páipéar,ballóid
Nm_AB	coscán banda	coscán,banda
Nm_Nf	roithleán beilte	roithleán,beilt
Nm_Nf	ardán ceolbhuíne	ardán,ceolbhuíon
Nm_NSt	bord oibre	bord,obair
Nm_Nm	bille bainc	bille,banc
Nm_Nm	giolla bainc	giolla,banc
Nm_Nm	nóta bainc	nóta,banc
Nm_Nf	cuntar saor-reaca	cuntar,saor-reic
Nm_VA	bád cónaithe	bád,cónaithe
Nm_Nf	gunna glaice	gunna,glac
Nm_Nm	cúr braichleanna	cúr,braichleann
Nm_Nm	aisteoir siúil	aisteoir,siúl
Nm_na_NmGenW	leabhar na mbarún	leabhar,na,barún
Nf_A	talamh neamhthorthúil	talamh,neamhthorthúil
Nm_VA	barra adhlactha	barra,adhlactha
Nm_Nm	lán barra	lán,barra
Nm_A	dorn trom	dorn,trom
Nm_Nm	lán báisín	lán,báisín
Nm_Nm	naíchóiste caolaigh	naíchóiste,caolach
Nm_VNTIGen	caipín snámha	caipín,snámh
Nm_VNTIGen	bothán snámha	bothán,snámh
Nm_Nm	téitheoir folcadáin	téitheoir,folcadán
Nm_VA	tobán folctha	tobán,folctha
Nm_Nm	cúrsóir catha	cúrsóir,cath
Nm_Nm	machaire catha	machaire,cath
Nm_Nf	alt beaignite	alt,beaignit
Nm_A	aonach oirthearach	aonach,oirthearach
Nm_A	siopa saor	siopa,saor
Nm_Nf	fear raice	fear,raic
Nm_Nm	maolán solais	maolán,solas
Nm_VA	marc aimsithe	marc,aimsithe
Nm_Nf	maor eaglaise	maor,eaglais
Nm_VA	crann cothromaithe	crann,cothromaithe
Nm_Nf	oide coimhdeachta	oide,coimhdeacht
Nm_A	ball álainn	ball,álainn
Nm_Nf	clúdach leapa	clúdach,leaba
Nm_Nf	ceann leapa	ceann,leaba
Nm_Nf	línéadach leapa	línéadach,leaba
Nm_Nf	post leapa	post,leaba
Nm_Nm	taca droma	taca,droim
Nm_Nf	stoc leapa	stoc,leaba
Nm_Nf	súram mairteola	súram,mairteoil
Nm_VNTGen	bacán ceangail	bacán,ceangal
Nm_Nm	bulla cloig	bulla,clog
Nm_AB	léann liteartha	léann,liteartha
Nm_Nm	téadán cloig	téadán,clog
Nm_Nm	lán boilg	lán,bolg
Nm_AB	seanbhuachaill nuaphósta	seanbhuachaill,nuaphósta
Nm_A	bronntanas déirciúil	bronntanas,déirciúil
Nm_Nf	beathúnas cille	beathúnas,cill
Nm_Nf	dílseánach beinifíse	dílseánach,beinifís
Nm_A	airleacan éigeantach	airleacan,éigeantach
Nm_VA	gealltanas pósta	gealltanas,pósta
Nm_Nf	mearbhall intinne	mearbhall,intinn
Nm_Nf	fáiscín rothaíochta	fáiscín,rothaíocht
Nm_Nm	nóta bainc	nóta,banc
Nm_Nf	clár fógraíochta	clár,fógraíocht
Nm_Nf	ordú billéadachta	ordú,billéadacht
Nm_Nm	ionad coinmhidh	ionad,coinmheadh
Nm_VNTGen	fear ceangail	fear,ceangal
Nm_VNTGen	crios ceangail	crios,ceangal
Nm_Nm	bosca compáis	bosca,compás
Nm_Nm	ráta beireatais	ráta,beireatas
Nm_Nf	ceart sinsearachta	ceart,sinsearacht
Nm_Nm	píosa airgid	píosa,airgead
Nm_A	fear gorm	fear,gorm
Nm_Nm	dúchoileach fraoigh	dúchoileach,fraoch
Nm_A	cló dubh	cló,dubh
Nm_VA	púdar pléasctha	púdar,pléasctha
Nm_VA	ábhar tuartha	ábhar,tuartha
Nm_Nm	púdar tuaracháin	púdar,tuarachán
Nm_Nm	uisce tuaracháin	uisce,tuarachán
Nm_A	arcán caoch	arcán,caoch
Nm_VA	sneachta síobtha	sneachta,síobtha
Nm_AB	scadán úrshaillte	scadán,úrshaillte
Nm_VA	sáraitheoir imshuite	sáraitheoir,imshuite
Nm_VA	sárú imshuite	sárú,imshuite
Nm_NmGenW	déantóir bloc	déantóir,bloc
Nm_A	oráiste dearg	oráiste,dearg
Nm_Nf	eachra folaíochta	eachra,folaíocht
Nm_Nf	eallach folaíochta	eallach,folaíocht
Nm_VA	páipéar súite	páipéar,súite
Nm_A	ball dearg	ball,dearg
Nm_VA	páipéar súite	páipéar,súite
Nm_Nf	séidire adhairce	séidire,adharc
Nm_Nm	mairnéalach cabhlaigh	mairnéalach,cabhlach
Nm_VA	scoláire cónaithe	scoláire,cónaithe
Nm_NSt	cumann bádóireachta	cumann,bádóireacht
Nm_NSt	hata bádóireachta	hata,bádóireacht
Nm_Nm	crúca báid	crúca,bád
Nf_Nm	traein báid	traein,bád
Nm_A	biorán mór	biorán,mór
Nm_Nf	réabóir reilige	réabóir,reilig
Nm_A	bríste cabhlach	bríste,cabhlach
Nm_Nf	feadán coire	feadán,coir
Nm_VNTIGen	aimsitheoir buamála	aimsitheoir,buamáil
Nm_Nf	dubh cnáimhe	dubh,cnámh
Nm_A	focal tráthúil	focal,tráthúil
Nm_Nf	leithead breise	leithead,breis
Nm_Nf	crann scóide	crann,scóid
Nm_Nm	giarsa droma	giarsa,droim
Nm_VA	inneall tollta	inneall,tollta
Nm_Nm	cúl cinn	cúl,ceann
Nf_Pr_NmComE	taibhse i mbuidéal	taibhse,i,buidéal
Nm_A	duine airleogach	duine,airleogach
Nm_VA	deontas fostaithe	deontas,fostaithe
Nm_Nf	cluiche dornálaíochta	cluiche,dornálaíocht
Nm_Nm	lán bosca	lán,bosca
Nm_A	préachán cearnach	préachán,cearnach
Nm_VA	pléata dúbailte	pléata,dúbailte
Nm_Nf	láinnéar slaite	láinnéar,slat
Nm_Pr_NmPlComE	cur i dtrilseáin	cur,i,trilseán
Nm_VNTGen	crios ceangail	crios,ceangal
Nm_Nf	fiabhras inchinne	fiabhras,inchinn
Nm_A	smaoineamh intleachtach	smaoineamh,intleachtach
Nm_Nm	druma coscáin	druma,coscán
Nm_Nm	fear coscáin	fear,coscán
Nm_Nm	cóiste coscáin	cóiste,coscán
Nm_VNTGen	iarann brandála	iarann,brandáil
Nm_Nm	brúitín brain	brúitín,bran
Nm_Nm	trioc práis	trioc,prás
Nm_Nm	cófra aráin	cófra,arán
Nm_Nm	clár aráin	clár,arán
Nm_Nm	toradh aráin	toradh,arán
Nm_Nm	ceirín aráin	ceirín,arán
Nm_Nm	fear teaghlaigh	fear,teaghlach
Nm_Nm	póca brollaigh	póca,brollach
Nm_Nm	caiseal uchta	caiseal,ucht
Nm_Nm	gunna craois	gunna,craos
Nm_na_Nf	séasúr na cúplála	séasúr,na,cúpláil
Nm_Nm	smúdar cóic	smúdar,cóc
Nm_Nf	dintiúr céime	dintiúr,céim
Nm_Pr_NmComL	giota de bhríce	giota,de,bríce
Nm_Nf	cáca bainise	cáca,bainis
Nm_AB	fear nuaphósta	fear,nuaphósta
Nm_Nm	ceann droichid	ceann,droichead
Nm_Nm	teach droichid	teach,droichead
Nm_VNTIGen	cosán marcaíochta	cosán,marcaíocht
Nm_A	claíomh leathan	claíomh,leathan
Nm_Nm	compánach cogaidh	compánach,cogadh
Nm_Pr_NfComL	buille de scuab	buille,de,scuab
Nm_Nf	cró scuaibe	cró,scuab
Nm_Nm	lán buicéid	lán,buicéad
Nm_A	grán trom	grán,trom
Nm_Nm	craiceann buabhaill	craiceann,buabhall
Nm_VA	roithleán slíobtha	roithleán,slíobtha
Nm_VA	maide slíobtha	maide,slíobtha
Nm_Nm	cró bolgáin	cró,bolgán
Nm_Nm	gamhain tairbh	gamhain,tarbh
Nm_Nm	coileán tarbhghadhair	coileán,tarbhghadhar
Nm_Nm	cró tarbhchomhraic	cró,tarbhchomhrac
Nm_Pr_NfComE	cur i dtalamh	cur,i,talamh
Nm_Nf	saighdiúir coille	saighdiúir,coill
Nm_Nf	ceithearnach coille	ceithearnach,coill
Nm_Nf	teach tráchtála	teach,tráchtáil
Nm_A	duine déanfasach	duine,déanfasach
Nm_A	ceann ramhar	ceann,ramhar
Nm_A	ceann ramhar	ceann,ramhar
Nm_Nm	muislín ime	muislín,im
Nm_Nf	cábán loinge	cábán,long
Nm_Nm	giolla cábáin	giolla,cábán
Nm_Nm	trunc cábáin	trunc,cábán
Nm_Nm	teach itheacháin	teach,itheachán
Nm_Nm	píopa calbáis	píopa,calbás
Nm_VNTIGen	iarann seaca	iarann,sioc
Nm_VNTIGen	iarann seaca	iarann,sioc
Nm_VA	buachaill fógartha	buachaill,fógartha
Nm_Nm	cruas craicinn	cruas,craiceann
Nm_Nm	cinnire camaill	cinnire,camall
Nm_Nm	tae fíogadáin	tae,fíogadán
Nm_Nm	lán ceaintín	lán,ceaintín
Nm_Nm	lán canna	lán,canna
Nm_Nm	píosa ordanáis	píosa,ordanás
Nm_Nm	canbhás boinn	canbhás,bonn
Nm_Nm	caipín pléascáin	caipín,pléascán
Nm_A	brat ornáideach	brat,ornáideach
Nm_Nm	lán caipín	lán,caipín
Nm_A	sú ribeach	sú,ribeach
Nm_A	ruaigeadh ribeach	ruaigeadh,ribeach
Nm_A	staighre bíseach	staighre,bíseach
Nm_VNTIGen	meaisín cardála	meaisín,cardáil
Nm_Pr_NmComL	iompú ar leataobh	iompú,ar,leataobh
Nm_A	luí leataobhach	luí,leataobhach
Nm_A	imeacht tobann	imeacht,tobann
Nm_VA	bád tráchta	bád,tráchta
Nm_A	duine drabhlásach	duine,drabhlásach
Nm_A	meastóir mailíseach	meastóir,mailíseach
Nm_Nm	leagan cairpéid	leagan,cairpéad
Nm_AB	iarrthóir strainséartha	iarrthóir,strainséartha
Nm_Nf	curadh caithise	curadh,caithis
Nm_Nm	scuabadóir cairpéid	scuabadóir,cairpéad
Nm_Nm	meán datha	meán,dath
Nm_Pr_NfComE	iompar i gcairt	iompar,i,cairt
Nm_Nf	costas carraeireachta	costas,carraeireacht
Nm_Nf	bealadh cairte	bealadh,cairt
Nm_Nf	capall cairte	capall,cairt
Nm_Nf	teach cairte	teach,cairt
Nm_Nf	ualach cairte	ualach,cairt
Nm_VNTIGen	crios lódála	crios,lódáil
Nm_Nf	bealach cairte	bealach,cairt
Nm_Nf	teach cairte	teach,cairt
Nm_Nf	saor cairte	saor,cairt
Nm_VA	buidéal clúdaithe	buidéal,clúdaithe
Nm_Nm	cuntas airgid	cuntas,airgead
Nm_Nm	leabhar airgid	leabhar,airgead
Nm_Nm	bosca airgid	bosca,airgead
Nm_Nm	cléireach airgid	cléireach,airgead
Nm_VA	scipéad cláraithe	scipéad,cláraithe
Nm_AB	cnó caisealta	cnó,caisealta
Nm_Nf	gadaí dreapadóireachta	gadaí,dreapadóireacht
Nm_A	rothlam grinn	rothlam,grinn
Nm_Nm	miontas cait	miontas,cat
Nm_Nm	cliabhán cait	cliabhán,cat
Nm_VA	cosán crochta	cosán,crochta
Nm_Nf	giolla cúirte	giolla,cúirt
Nm_Nm	marcach airm	marcach,arm
Nm_Nf	cíos siléireachta	cíos,siléireacht
Nm_Nf	scannán céarach	scannán,céir
Nm_Nf	taiséadach céarach	taiséadach,céir
Nm_Nf	coiréal cailce	coiréal,cailc
Nm_Nf	meall cailce	meall,cailc
Nm_Nm	fear dúshláin	fear,dúshlán
Nm_Nm	craiceann fiaghabhair	craiceann,fiaghabhar
Nm_Nm	seasamh cirt	seasamh,ceart
Nm_Nf	seomra caibidle	seomra,caibidil
Nm_Nf	gualach líníochta	gualach,líníocht
Nm_Nm	dóiteoir gualaigh	dóiteoir,gualach
Nm_Nf	gníomh carthanachta	gníomh,carthanacht
Nm_A	tábla grafach	tábla,grafach
Nm_VA	conradh cairtfhostaithe	conradh,cairtfhostaithe
Nm_Nm	gíománach gluaisteáin	gíománach,gluaisteán
Nm_Nf	clár táiplise	clár,táiplis
Nm_Nf	briosca cáise	briosca,cáis
Nm_Nf	clúdach cáise	clúdach,cáis
Nm_Nf	déantóir cáise	déantóir,cáis
Nm_Nf	ceannaí cáise	ceannaí,cáis
Nm_Nf	scamhadh cáise	scamhadh,cáis
Nm_VA	tolg stuáilte	tolg,stuáilte
Nm_A	guth íseal	guth,íseal
Nm_VA	guma coganta	guma,coganta
Nm_VA	tobac coganta	tobac,coganta
Nm_VA	fear coganta	fear,coganta
Nm_Nf	duine clainne	duine,clann
Nm_VA	duine sleachta	duine,sleachta
Nm_Nf	simléar monarchan	simléar,monarcha
Nm_Nf	taca smige	taca,smig
Nf_Nf	dreas cabaireachta	dreas,cabaireacht
Nm_Nf	glanadh coirte	glanadh,coirt
Nm_Nf	déantóir seacláide	déantóir,seacláid
Nm_A	stiúrthóir cóir	stiúrthóir,cóir
Nm_A	carbhat ard	carbhat,ard
Nm_Nm	feadán carbradóra	feadán,carbradóir
Nm_Nm	crios calair	crios,calar
Nm_Nm	calar samhraidh	calar,samhradh
Nm_VNT	buille tua	buille,tua
Nm_VA	blocán gearrtha	blocán,gearrtha
Nm_Nm	teach itheacháin	teach,itheachán
Nm_Nf	oibrí eaglaise	oibrí,eaglais
Nm_Nm	iatóir ciorcaid	iatóir,ciorcad
Nm_Nf	greim láimhe	greim,lámh
Nm_Nm	leabhar ranga	leabhar,rang
Nm_A	casúr ladhrach	casúr,ladhrach
Nm_A	barrbhalla fuinneogach	barrbhalla,fuinneogach
Nm_Nm	post cléirigh	post,cléireach
Nm_Nm	raicín ceapachóra	raicín,ceapachóir
Nm_Nf	lucht custaiméireachta	lucht,custaiméireacht
Nm_VA	tairne leacaithe	tairne,leacaithe
Nm_Nm	oibriú cloig	oibriú,clog
Nm_Nf	coscán cráige	coscán,crág
Nm_A	múinteoir príobháideach	múinteoir,príobháideach
Nm_Nm	bád guail	bád,gual
Nm_Nm	gás guail	gás,gual
Nm_Nm	fear guail	fear,gual
Nm_Nm	ceannaí guail	ceannaí,gual
Nm_Nm	buicéad guail	buicéad,gual
Nm_Nm	tarra guail	tarra,gual
Nm_Nf	leathchapall diallaite	leathchapall,diallait
Nm_A	bád réthónach	bád,réthónach
Nm_A	ógánach achrannach	ógánach,achrannach
Nm_A	nuitín beag	nuitín,beag
Nm_Nm	círín coiligh	círín,coileach
Nm_A	ráille fiaclach	ráille,fiaclach
Nm_A	roth fiaclach	roth,fiaclach
Nm_A	feadán lúbach	feadán,lúbach
Nm_Nm	píosa airgid	píosa,airgead
Nm_Nm	córas airgid	córas,airgead
Nm_Nm	déantóir airgid	déantóir,airgead
Nm_NSt	gnáthleagan cainte	gnáthleagan,caint
Nm_AB	prionta daite	prionta,daite
Nm_A	fuirseoir greannmhar	fuirseoir,greannmhar
Nm_VA	cuntas mínithe	cuntas,mínithe
Nm_Nf	scriostóir tráchtála	scriostóir,tráchtáil
Nm_Nm	ionadaí easpaig	ionadaí,easpag
Nm_Nm	gníomhaire coimisiúin	gníomhaire,coimisiún
Nm_Pr_NmComL	ball de choimisiún	ball,de,coimisiún
Nm_Pr_NmComE	béile i gcuibhreann	béile,i,cuibhreann
Nm_Nf	córas teachtaireachta	córas,teachtaireacht
Nm_A	scéala oifigiúil	scéala,oifigiúil
Nm_Pr_NfComE	cur i gcontúirt	cur,i,contúirt
Nm_Nf	mórphianó ceolchoirme	mórphianó,ceolchoirm
Nm_na_Nf	cuas na cluaise	cuas,na,cluais
Nm_AB	tionól rúnda	tionól,rúnda
Nm_Pr_NfComL	seasamh ar aghaidh	seasamh,ar,aghaidh
Nm_Nf	teachta comhdhála	teachta,comhdháil
Nm_Nf	ball comhdhála	ball,comhdháil
Nm_Nf	comhshuíomh eaglaise	comhshuíomh,eaglais
Nm_VNTIGen	clár seanma	clár,seinm
Nm_AB	léargas ginearálta	léargas,ginearálta
Nm_VA	lucht tofa	lucht,tofa
Nm_A	dochtúir comhairleach	dochtúir,comhairleach
Nm_Nm	pionna comhthadhaill	pionna,comhthadhall
Nm_A	galar gabhálach	galar,gabhálach
Nm_Pr_NfComL	cúrsa gan choinne	cúrsa,gan,coinne
Nm_Nm	soláthraí conartha	soláthraí,conradh
Nm_Nf	sorn cistine	sorn,cistin
Nm_Nf	sorn cistine	sorn,cistin
Nm_A	fear gorm	fear,gorm
Nm_Nf	déantóir cóipe	déantóir,cóip
Nm_Nf	fear aithrise	fear,aithris
Nm_Nm	pláta copair	pláta,copar
Nm_Nf	maidrín aithrise	maidrín,aithris
Nm_Nf	ribín ridireachta	ribín,ridireacht
Nm_Nm	crann coirc	crann,corc
Nm_Nm	ceannaí arbhair	ceannaí,arbhar
Nm_Nf	dailtín sráide	dailtín,sráid
Nm_Nf	pláta uillinne	pláta,uillinn
Nm_Nm	fear coirnéid	fear,coirnéad
Nm_Nm	gort arbhair	gort,arbhar
Nm_VA	ábhar creimthe	ábhar,creimthe
Nm_Nm	muileann cadáis	muileann,cadás
Nm_Nm	muilleoir cadáis	muilleoir,cadás
Nm_Nm	crann pobail	crann,pobal
Nm_Nm	flocas cadáis	flocas,cadás
Nm_Pr_NfComL	ball de chomhairle	ball,de,comhairle
Nm_VNTIGen	teach cuntais	teach,cuntas
Nm_Nf	fear tíre	fear,tír
Nm_Nm	giolla turais	giolla,turas
Nm_VNTIGen	cóiriú leighis	cóiriú,leigheas
Nm_Nm	bacán cromáin	bacán,cromán
Nm_Nm	acastóir cromáin	acastóir,cromán
Nm_Nm	pionna cromáin	pionna,cromán
Nm_VA	clogad cosanta	clogad,cosanta
Nm_A	ciseán mór	ciseán,mór
Nm_Nm	crúiscín uachtair	crúiscín,uachtar
Nm_Nm	gráta solais	gráta,solas
Nm_A	amadán éalangach	amadán,éalangach
Nm_Pr_NmComL	cruthú ar chion	cruthú,ar,cion
Nm_Nf	ruacán caillí	ruacán,cailleach
Nm_Pr	ráille trasna	ráille,trasna
Nm_VA	bealach trasnaithe	bealach,trasnaithe
Nm_Pr	barra trasna	barra,trasna
Nm_Pr	bíoma trasna	bíoma,trasna
Nm_Pr	binse trasna	binse,trasna
Nm_A	teachta neamhspleách	teachta,neamhspleách
Nm_VA	pór measctha	pór,measctha
Nm_Pr	bealach trasna	bealach,trasna
Nm_Pr	bóthar trasna	bóthar,trasna
Nm_Pr	greim trasna	greim,trasna
Nm_AB	bealach fiarthrasna	bealach,fiarthrasna
Nm_A	roth corónach	roth,corónach
Nm_VA	soitheach leáite	soitheach,leáite
Nm_Nm	fáidh criostail	fáidh,criostal
Nm_Nf	fear lúirí	fear,lúireach
Nm_VNTGen	cupa tástála	cupa,tástáil
Nm_Nm	lán cupáin	lán,cupán
Nm_Nm	cluiche coirn	cluiche,corn
Nm_A	sagart óg	sagart,óg
Nm_Nf	páipéar cataíola	páipéar,cataíl
Nm_NfGenW	feacadh glún	feacadh,glúin
Nm_VA	bonn stuáilte	bonn,stuáilte
Nm_Nm	púdar custaird	púdar,custard
Nm_VA	beangán nódaithe	beangán,nódaithe
Nm_Nm	cúrsa foráis	cúrsa,forás
Nm_A	buille éadrom	buille,éadrom
Nm_Nf	feirmeoir déiríochta	feirmeoir,déiríocht
Nm_Nf	táirgeadh déiríochta	táirgeadh,déiríocht
Nm_Nf	maolú meanman	maolú,meanma
Nm_A	capall breac	capall,breac
Nm_VNTIGen	ceap dearnála	ceap,dearnáil
Nm_Nm	breacadh lae	breacadh,lá
Nm_A	leabhar laethúil	leabhar,laethúil
Nm_Nm	scoláire lae	scoláire,lá
Nm_Nm	bánú lae	bánú,lá
Nm_Nm	oibrí lae	oibrí,lá
Nm_Nm	scoláire lae	scoláire,lá
Nm_Nf	clár déile	clár,déil
Nm_Nm	buille báis	buille,bás
Nm_na_NmGenW	liosta na marbh	liosta,na,marbh
Nm_Nm	barántas báis	barántas,bás
Nm_AB	duine ainrianta	duine,ainrianta
Nm_VNT	bailitheoir fiach	bailitheoir,fiach
Nm_Nm	déanamh boird	déanamh,bord
Nm_Nm	mairnéalach boird	mairnéalach,bord
Nm_Nf	teach deice	teach,deic
Nm_Nf	solas deice	solas,deic
Nm_Pr_NfComL	cur ó chuma	cur,ó,cuma
Nm_A	rún daingean	rún,daingean
Nm_Nf	lánán doimhneachta	lánán,doimhneacht
Nm_VNTIGen	toradh difreála	toradh,difreáil
Nf_Nm	ainscian fir	ainscian,fear
Nm_Nm	deilgín deamhain	deilgín,deamhan
Nm_Nm	súilín drúchta	súilín,drúcht
Nm_AB	mionn ríoga	mionn,ríoga
Nm_AB	bann ríoga	bann,ríoga
Nm_VA	dísle imeartha	dísle,imeartha
Nm_A	cadás ribeach	cadás,ribeach
Nm_Nm	canna dinnéir	canna,dinnéar
Nm_Nm	am dinnéir	am,dinnéar
Nm_Nm	tráth dinnéir	tráth,dinnéar
Nm_AB	oide spioradálta	oide,spioradálta
Nm_VA	bord stiúrtha	bord,stiúrtha
Nm_Pr_NmPlComE	caitheamh i gcártaí	caitheamh,i,cárta
Nm_Pr_NmPlComE	caitheamh i gcártaí	caitheamh,i,cárta
Nm_Pr_NmComE	cur i leataobh	cur,i,leataobh
Nm_Pr_NfComE	cur i dtír	cur,i,tír
Nm_Pr_NfComE	dul i dtír	dul,i,tír
Nm_Nf	clár méise	clár,mias
Nm_Pr_NmComL	dealú ó chéile	dealú,ó,céile
Nm_Nf	bád teachtaireachta	bád,teachtaireacht
Nm_Nm	giolla turais	giolla,turas
Nm_Nm	siopa poitigéara	siopa,poitigéir
Nm_A	spraoi baoth	spraoi,baoth
Nm_VNTIGen	barántas tochsail	barántas,tochsal
Nm_Nm	ospidéal ceantair	ospidéal,ceantar
Nm_Nf	uisce díge	uisce,díog
Nm_VA	clár tumtha	clár,tumtha
Nm_VA	feisteas tumtha	feisteas,tumtha
Nm_Nf	balla teorann	balla,teorainn
Nm_Nf	fear asarlaíochta	fear,asarlaíocht
Nm_VA	fear déanta	fear,déanta
Nm_Nf	craiceann eilite	craiceann,eilit
Nm_VA	coirnéal leacaithe	coirnéal,leacaithe
Nm_Nf	máistir scoile	máistir,scoil
Nm_Nm	cinnire asail	cinnire,asal
Nm_Nm	cinnire asail	cinnire,asal
Nm_Nm	fráma dorais	fráma,doras
Nm_Nm	murlán dorais	murlán,doras
Nm_VA	peann breactha	peann,breactha
Nm_Nf	bád beirte	bád,beirt
Nm_Pr_NmComL	ball de dhíorma	ball,de,díorma
Nm_Nf	líon scríbe	líon,scríob
Nm_Nf	líon scríbe	líon,scríob
Nm_Nf	iascán nimhe	iascán,nimh
Nm_VA	píopa taosctha	píopa,taosctha
Nm_VA	raca silte	raca,silte
Nm_VA	píopa taosctha	píopa,taosctha
Nm_Nf	clár táiplise	clár,táiplis
Nm_Nm	scáthlán foscaidh	scáthlán,foscadh
Nm_Nf	clár líníochta	clár,líníocht
Nm_Nf	múinteoir líníochta	múinteoir,líníocht
Nm_Nf	páipéar líníochta	páipéar,líníocht
Nm_Nf	peann líníochta	peann,líníocht
Nm_AB	fáiltiú ríoga	fáiltiú,ríoga
Nm_AB	capall drae	capall,drae
Nm_AB	tiománaí drae	tiománaí,drae
Nm_Pr_NmComE	imeacht i bhfeacht	imeacht,i,feacht
Nm_Nm	mullán oigheardheascaidh	mullán,oigheardheascadh
Nm_VNTIGen	sáirsint druileála	sáirsint,druileáil
Nf_Nm	dreas óil	dreas,ól
Nm_Nm	fuarán óil	fuarán,ól
Nm_Nm	amhrán óil	amhrán,ól
Nm_Nf	friochtán geire	friochtán,geir
Nm_VA	buacaire silte	buacaire,silte
Nf_VNTIGen	slabhra tiomána	slabhra,tiomáint
Nm_VNTIGen	giar tiomána	giar,tiomáint
Nm_VNTIGen	roth tiomána	roth,tiomáint
Nm_A	duine barrúil	duine,barrúil
Nm_Nm	greanadh turbheara	greanadh,turbhior
Nm_Nm	gradam diúic	gradam,diúc
Nm_Nm	coileach clóis	coileach,clós
Nm_VNTIGen	gléas cóipeála	gléas,cóipeáil
Nm_VNTIGen	gléas cóipeála	gléas,cóipeáil
Nm_Nm	caipín deannaigh	caipín,deannach
Nm_Nm	claibín deannaigh	claibín,deannach
Nf_Nm	carr bruscair	carr,bruscar
Nm_Nm	cóta deannaigh	cóta,deannach
Nm_Nm	fear bruscair	fear,bruscar
Nm_Nf	fear dinimíte	fear,dinimít
Nm_Nf	tocht anála	tocht,anáil
Nm_Nm	pictiúr tacais	pictiúr,tacas
Nm_Nf	caidhséar sceimhle	caidhséar,sceimheal
Nm_VNTI	sruth trá	sruth,trá
Nm_Nf	púitsín uibhe	púitsín,ubh
Nm_Nm	planda ubhthoraidh	planda,ubhthoradh
Nm_A	duine leithleach	duine,leithleach
Nm_Nf	tromshaothar láimhe	tromshaothar,lámh
Nm_Nf	taca uillinne	taca,uillinn
Nm_A	deascadh leictreach	deascadh,leictreach
Nf_A	braisle leictreach	braisle,leictreach
Nm_na_NmGenW	uachtar na bhflaitheas	uachtar,na,flaitheas
Nm_VA	cró meáite	cró,meáite
Nm_Nm	ligean cinn	ligean,ceann
Nm_A	tiománaí innill	tiománaí,innill
Nm_A	teach innill	teach,innill
Nm_Nf	saighdiúir innealtóireachta	saighdiúir,innealtóireacht
Nm_Nm	ceangal cairdis	ceangal,cairdeas
Nm_Nf	féilire réalteolaíochta	féilire,réalteolaíocht
Nm_A	dán eipiciúil	dán,eipiciúil
Nm_VA	dán pósta	dán,pósta
Nm_Nf	rabharta feirge	rabharta,fearg
Nm_VA	fear comórtha	fear,comórtha
Nm_Pr_NfComL	crann ar laitís	crann,ar,laitís
Nm_Pr	éalú ó	éalú,ó
Nm_Nm	fuineadh lae	fuineadh,lá
Nm_Nf	turas aeraíochta	turas,aeraíocht
Nm_VA	leabhar cleachta	leabhar,cleachta
Nm_Nf	ligean anála	ligean,anáil
Nm_Nm	déanamh folúis	déanamh,folús
Nm_Nf	ardú meanman	ardú,meanma
Nm_Nm	teachtaire luais	teachtaire,luas
Nm_Pr_NmPlComE	cur i bhfocail	cur,i,focal
Nm_AB	radharc lasmuigh	radharc,lasmuigh
Nm_Nf	cúrsa breise	cúrsa,breis
Nm_Nf	tuáille aghaidhe	tuáille,aghaidh
Nm_Nf	oibrí monarchan	oibrí,monarcha
Nm_A	duine toighseach	duine,toighseach
Nm_Nf	deamhan coimhdeachta	deamhan,coimhdeacht
Nm_A	gréasán teascógach	gréasán,teascógach
Nm_Nf	teach feirme	teach,feirm
Nm_VNIGen	lá troscaidh	lá,troscadh
Nm_AB	duine éaganta	duine,éaganta
Nm_Nf	buidéal bunóice	buidéal,bunóc
Nm_Nf	buidéal bunóice	buidéal,bunóc
Nm_VA	caidéal cothaithe	caidéal,cothaithe
Nm_VA	scriú cothaithe	scriú,cothaithe
Nm_AB	feo simplí	feo,simplí
Nf_Nf	dreas pionsóireachta	dreas,pionsóireacht
Nm_Nf	cluiche pionsóireachta	cluiche,pionsóireacht
Nm_Nf	bealach farantóireachta	bealach,farantóireacht
Nm_Nf	báirse traenach	báirse,traein
Nm_Nm	ospidéal fiabhrais	ospidéal,fiabhras
Nm_Nm	othar fiabhrais	othar,fiabhras
Nm_Nm	riasc fiabhrais	riasc,fiabhras
Nm_VNTIGen	coileach comhraic	coileach,comhrac
Nm_VA	cléireach comhdaithe	cléireach,comhdaithe
Nm_Nm	ceann treasa	ceann,treas
Nm_Nf	searrach lárach	searrach,láir
Nm_Nm	buicéad dóiteáin	buicéad,dóiteán
Nm_Nm	smachtú dóiteáin	smachtú,dóiteán
Nm_Nm	bád dóiteáin	bád,dóiteán
Nm_Nm	garda dóiteáin	garda,dóiteán
Nm_Nm	píobán dóiteáin	píobán,dóiteán
Nm_Nm	trinse dóiteáin	trinse,dóiteán
Nm_Nm	gunna glais	gunna,glas
Nm_AB	cuirtín doloiscthe	cuirtín,doloiscthe
Nm_NSt	bráite iascaireachta	bráite,iascaireacht
Nm_Nm	lán doirn	lán,dorn
Nm_VA	tuaslagán fosaithe	tuaslagán,fosaithe
Nm_AB	fearas do-aistrithe	fearas,do-aistrithe
Nm_Nf	leifteanant brataí	leifteanant,bratach
Nm_Nm	flainín cadáis	flainín,cadás
Nm_VA	lampa comhartha	lampa,comhartha
Nm_VNTIGen	iarann smúdála	iarann,smúdáil
Nm_Nf	locht neamhbhailíochta	locht,neamhbhailíocht
Nm_Nm	clúdach urláir	clúdach,urlár
Nm_Nm	snasán urláir	snasán,urlár
Nm_VNTI	cnuasach trá	cnuasach,trá
Nm_Nm	spréire plúir	spréire,plúr
Nm_Nm	ceannaí plúir	ceannaí,plúr
Nm_Nm	muileann plúir	muileann,plúr
Nm_Nm	muilleoir plúir	muilleoir,plúr
Nm_Pr_NfComL	cur ar eitleog	cur,ar,eitleog
Nm_VA	taca crochta	taca,crochta
Nm_Nf	cumann eitleoireachta	cumann,eitleoireacht
Nm_VA	iasc eitilte	iasc,eitilte
Nm_Nf	ruagaire oíche	ruagaire,oíche
Nm_VA	éan eitilte	éan,eitilte
Nm_A	scriú cluasach	scriú,cluasach
Nm_Nf	rian cuileoige	rian,cuileog
Nm_Nm	póca uaireadóra	póca,uaireadóir
Nf_Nm	slabhra uaireadóra	slabhra,uaireadóir
Nm_VA	dréimire infhillte	dréimire,infhillte
Nm_Nf	rince tíre	rince,tír
Nm_Nm	amhrán béaloidis	amhrán,béaloideas
Nm_Nf	fear páirte	fear,páirt
Nm_VA	umar baiste	umar,baiste
Nm_Nf	tobar baithise	tobar,baithis
Nm_Nm	forchúrsa boinn	forchúrsa,bonn
Nm_Nf	clár coise	clár,cos
Nm_Nf	coscán coise	coscán,cos
Nm_Nf	torann coise	torann,cos
Nm_Nf	botún coise	botún,cos
Nm_Nf	ionad coise	ionad,cos
Nm_Nf	folach coise	folach,cos
Nm_Nm	gadaí bóthair	gadaí,bóthar
Nm_Nf	rás coise	rás,cos
Nm_Nf	stól coise	stól,cos
Nm_AB	teach luathbhorrtha	teach,luathbhorrtha
Nm_VNTI	imeall trá	imeall,trá
Nm_Nf	maor coille	maor,coill
Nm_Nf	garda coille	garda,coill
Nm_Nf	saothrú coille	saothrú,coill
Nm_Nf	crann foraoise	crann,foraois
Nm_Nm	ceardaí iarainn	ceardaí,iarann
Nm_AB	leabhar foirmlí	leabhar,foirmlí
Nm_VNTI	tóraí spré	tóraí,spré
Nm_Nm	déanamh feasa	déanamh,fios
Nm_Nm	deartháir comhaltais	deartháir,comhaltas
Nf_Nm	athair altrama	athair,altram
Nm_VA	leanbh tréigthe	leanbh,tréigthe
Nm_Nm	gluaisteán ceathrair	gluaisteán,ceathrar
Nm_Nf	gunna foghlaeireachta	gunna,foghlaeireacht
Nm_Nf	ciseán luachra	ciseán,luachair
Nm_VNTIGen	sealgaire slada	sealgaire,slad
Nm_Nf	ainrianaí intinne	ainrianaí,intinn
Nm_Nm	fear aitheantais	fear,aitheantas
Nm_Nm	lucht aitheantais	lucht,aitheantas
Nm_Nm	radharc éadain	radharc,éadan
Nm_VNTIGen	crú seaca	crú,sioc
Nm_Nm	crann toraidh	crann,toradh
Nm_Pr_NfComE	cur i bhfeidhm	cur,i,feidhm
Nm_Nf	rinceoir téide	rinceoir,téad
Nm_Nm	soláthraí troscáin	soláthraí,troscán
Nm_Nm	snasán troscáin	snasán,troscán
Nm_Nm	aistritheoir troscáin	aistritheoir,troscán
Nm_Nm	siopa troscáin	siopa,troscán
Nf_Nm	veain troscáin	veain,troscán
Nm_Nm	ceannaí fionnaidh	ceannaí,fionnadh
Nm_VNTIGen	aidhnín sábhála	aidhnín,sábháil
Nm_A	cruinniú taibhseach	cruinniú,taibhseach
Nm_Nm	ropaire gaid	ropaire,gad
Nm_A	miotalú leictreach	miotalú,leictreach
Nm_Nm	cluiche gill	cluiche,geall
Nm_VNTIGen	mála seilge	mála,seilg
Nm_VNTIGen	coileach comhraic	coileach,comhrac
Nm_VNTIGen	maor seilge	maor,seilg
Nm_Nm	gambún bagúin	gambún,bagún
Nm_Nm	droichead iompair	droichead,iompar
Nm_Nf	cladhaire carcrach	cladhaire,carcair
Nm_Nm	folmhú príosúin	folmhú,príosún
Nm_AB	stánadh béaloscailte	stánadh,béaloscailte
Nm_Nm	comhlacht gáis	comhlacht,gás
Nm_Nm	sorn gáis	sorn,gás
Nm_Nm	inneall gáis	inneall,gás
Nm_Nm	feisteoir gáis	feisteoir,gás
Nm_Nm	solas gáis	solas,gás
Nm_Nm	soilsiú gáis	soilsiú,gás
Nm_Nm	príomhphíopa gáis	príomhphíopa,gás
Nm_Nm	fear gáis	fear,gás
Nm_Nm	cochall gáis	cochall,gás
Nm_Nm	sorn gáis	sorn,gás
Nm_Nm	sorn gáis	sorn,gás
Nm_Nm	pléascán gáis	pléascán,gás
Nm_Nm	déanamh ábhair	déanamh,ábhar
Nm_A	silín fiáin	silín,fiáin
Nm_Pr_NmComE	dul i ngreim	dul,i,greim
Nm_Nm	ceannas ginearáil	ceannas,ginearál
Nm_Nm	cumas ceannfoirt	cumas,ceannfort
Nm_A	seabhac Íoslannach	seabhac,Íoslannach
Nm_Nm	fámaire fir	fámaire,fear
Nm_NSt	gliogram cainte	gliogram,caint
Nm_Nf	focal fonóide	focal,fonóid
Nm_VA	cré-umha óraithe	cré-umha,óraithe
Nm_Nf	cáca gridille	cáca,grideall
Nm_Pr_NmComE	cur i ngeall	cur,i,geall
Nm_Nf	lán gloine	lán,gloine
Nm_AB	gléas snasta	gléas,snasta
Nm_Nf	méadú glóire	méadú,glóir
Nm_Nf	fáiscín lámhainne	fáiscín,lámhainn
Nm_Nf	siúcra fíniúna	siúcra,fíniúin
Nm_AB	mac baistí	mac,baistí
Nm_Nm	ceann tí	ceann,teach
Nm_Nf	craiceann circe	craiceann,cearc
Nm_Nf	bronnadh céime	bronnadh,céim
Nm_VA	beangán nódaithe	beangán,nódaithe
Nm_Nf	bú fíniúna	bú,fíniúin
Nm_VNTGen	cladach grábhála	cladach,grábháil
Nm_Pr_NmComL	cur faoi ghairbhéal	cur,faoi,gairbhéal
Nm_Nm	cosán gairbhéil	cosán,gairbhéal
Nm_Nm	seomra sosa	seomra,sos
Nm_A	seanduine liath	seanduine,liath
Nm_A	seanóir liath	seanóir,liath
Nm_Nm	cur faobhair	cur,faobhar
Nm_VA	roth líofa	roth,líofa
Nm_Nm	siopa grósaera	siopa,grósaeir
Nm_Nm	fear tionlacain	fear,tionlacan
Nm_Nm	baoite grinnill	baoite,grinneall
Nm_Nf	solas talún	solas,talamh
Nm_Nm	suíomh foirgnimh	suíomh,foirgneamh
Nm_Nf	cíos talún	cíos,talamh
Nm_Nm	fear pinn	fear,peann
Nm_Nm	fáinne téadáin	fáinne,téadán
Nm_Nf	fáinne cnáibe	fáinne,cnáib
Nm_Nf	garda traenach	garda,traein
Nm_VA	feisteas cosanta	feisteas,cosanta
Nm_Nm	pionna gustúin	pionna,gustún
Nm_Nf	teach aíochta	teach,aíocht
Nm_Nf	teach aíochta	teach,aíocht
Nm_Nm	fear eolais	fear,eolas
Nm_A	téadán treorach	téadán,treorach
Nm_A	píobán réidh	píobán,réidh
Nm_na_NmGenW	seomra na mionoifigeach	seomra,na,mionoifigeach
Nm_VA	téadán stiúrtha	téadán,stiúrtha
Nm_Nm	cairéal gipsim	cairéal,gipseam
Nm_Nf	fáiscín gruaige	fáiscín,gruaig
Nm_Nm	tocht róin	tocht,rón
Nm_VA	teach cruinnithe	teach,cruinnithe
Nm_Nf	barra láimhe	barra,lámh
Nm_Nf	bille láimhe	bille,lámh
Nm_Nf	seol láimhe	seol,lámh
Nm_Nf	gró láimhe	gró,lámh
Nm_Nm	máistir poirt	máistir,port
Nm_Nm	stáisiún poirt	stáisiún,port
Nm_Nm	míol fómhair	míol,fómhar
Nm_Nm	damhán fómhair	damhán,fómhar
Nm_NfGenW	cúisín glún	cúisín,glúin
Nm_VA	fear tarlaithe	fear,tarlaithe
Nm_Nm	mála lóin	mála,lón
Nm_A	gáire gáifeach	gáire,gáifeach
Nm_na_NmGenW	lus na seabhac	lus,na,seabhac
Nm_Nm	píce féir	píce,féar
Nm_Nm	lochta féir	lochta,féar
Nm_Nm	suaiteoir féir	suaiteoir,féar
Nm_Nm	raca féir	raca,féar
Nm_VNIGen	fórsa titime	fórsa,titim
Nm_Nm	guth cinn	guth,ceann
Nm_VNTIGen	fear leighis	fear,leigheas
Nm_A	cóiste marbh	cóiste,marbh
Nm_VA	urlár téite	urlár,téite
Nm_Nm	ruga teallaigh	ruga,teallach
Nm_Nm	scrúdú coinsiasa	scrúdú,coinsias
Nm_Nm	inneall teasa	inneall,teas
Nm_Nf	fear stiúrach	fear,stiúir
Nm_AB	fear urrúnta	fear,urrúnta
Nm_Nf	cuibhreann cnáibe	cuibhreann,cnáib
Nm_Nf	pór cnáibe	pór,cnáib
Nm_Nf	greim fáithime	greim,fáithim
Nm_Nf	giolla gualainne	giolla,gualainn
Adv:Pr_Nf	fara cearc	fara,cearc
Nm_Nf	leabhar luibheolaíochta	leabhar,luibheolaíocht
Nm_AB	cinnire eaglasta	cinnire,eaglasta
Nm_A	talamh beannach	talamh,beannach
Nm_Nm	fear sléibhe	fear,sliabh
Nm_Nm	gadaí bóthair	gadaí,bóthar
Nm_Nm	lucht cnoic	lucht,cnoc
Nm_Nm	galar cromáin	galar,cromán
Nm_Nf	póca tóna	póca,tóin
Nm_Nf	scríbhneoir staire	scríbhneoir,stair
Nm_A	sciorta cúng	sciorta,cúng
Nm_Nm	oibrí siúil	oibrí,siúl
Nm_Nm	oibrí fáin	oibrí,fán
Nm_Nm	fear adaic	fear,adac
Nm_VA	collach coillte	collach,coillte
Nm_Nm	cumhdach piostail	cumhdach,piostal
Nm_Pr_NmComE	buille i gcion	buille,i,cion
Nm_A	peata beag	peata,beag
Nm_Nf	cáca meala	cáca,mil
Nm_A	crann sleamhain	crann,sleamhain
Nm_A	rud uafásach	rud,uafásach
Nm_VNTIGen	ardán marcaíochta	ardán,marcaíocht
Nm_Nm	creabhar capaill	creabhar,capall
Nm_Nm	crú capaill	crú,capall
Nm_Nf	teach aíochta	teach,aíocht
Nm_A	cófra te	cófra,te
Nm_Nf	ciorcal uaire	ciorcal,uair
Nm_Pr_NmComE	cur i gcró	cur,i,cró
Nm_Nm	braighdeanas baile	braighdeanas,baile
Nm_VA	bád cónaithe	bád,cónaithe
Nm_Nm	ropaire tí	ropaire,teach
Nm_Nm	lán tí	lán,teach
Nm_Nm	ceann tí	ceann,teach
Nm_Nm	sealbhóir tí	sealbhóir,teach
Nm_Nm	cailín tí	cailín,teach
Nm_Nm	ceann tí	ceann,teach
Nm_VA	lia cónaithe	lia,cónaithe
Nm_VA	máinlia cónaithe	máinlia,cónaithe
Nm_Nm	mullach tí	mullach,teach
Nm_Nm	banachas tí	banachas,teach
Nm_Nf	cleasaí polaitíochta	cleasaí,polaitíocht
Nm_A	duine greannmhar	duine,greannmhar
Nm_A	scríbhneoir grinn	scríbhneoir,grinn
Nm_Nf	lampa doininne	lampa,doineann
Nm_AB	gadaí gasta	gadaí,gasta
Nm_Pr_NfComL	seomra faoi thalamh	seomra,faoi,talamh
Nm_Nm	mála oighir	mála,oighear
Nm_Nm	bruach oighir	bruach,oighear
Nm_Nm	uachtar oighir	uachtar,oighear
Nm_Nm	teach oighir	teach,oighear
Nm_Nm	bruach oighir	bruach,oighear
Nm_VA	uisce oighrithe	uisce,oighrithe
Nm_VNTIGen	birín seaca	birín,sioc
Nm_AB	fuacht oighreata	fuacht,oighreata
Nm_VNTIGen	roth comhcheangail	roth,comhcheangal
Nm_A	roth díomhaoin	roth,díomhaoin
Nm_A	bláth buan	bláth,buan
Nm_na_Nf	cothrom na féinne	cothrom,na,fiann
Nm_Pr_NmComE	suí i mbun	suí,i,bun
Nm_Nm	tasc pionóis	tasc,pionós
Nm_Pr	cur trí	cur,trí
Nm_Pr_NmComE	cur i ngéibheann	cur,i,géibheann
Nm_VA	lucht loiscthe	lucht,loiscthe
Nm_Nf	cléireach túise	cléireach,túis
Nm_VA	áireamh tarlaithe	áireamh,tarlaithe
Nm_Nf	cúram beinifíse	cúram,beinifís
Nm_A	píopa ionsúiteach	píopa,ionsúiteach
Nm_Nf	slua coise	slua,cos
Nm_Pr_NfComE	dul i bhfeoil	dul,i,feoil
Nm_Nf	adhlacadh talún	adhlacadh,talamh
Nm_Nf	teach aíochta	teach,aíocht
Nm_Nf	fáinne sprice	fáinne,sprioc
Nm_AB	athrú nua	athrú,nua
Nm_A	féichiúnaí dócmhainneach	féichiúnaí,dócmhainneach
Nm_Pr	dul idir	dul,idir
Nm_Pr	bealach idir	bealach,idir
Nm_Pr_NmComL	tráchtálaí gan cheadúnas	tráchtálaí,gan,ceadúnas
Nm_AB	imreoir idirnáisiúnta	imreoir,idirnáisiúnta
Nm_AB	cluiche idirnáisiúnta	cluiche,idirnáisiúnta
Nm_Nm	teileafón tí	teileafón,teach
Nm_Pr_NfComE	cur i dtruaill	cur,i,truaill
Nm_na_Nf	dathú na tua	dathú,na,tua
Nm_na_Nf	dathú na tua	dathú,na,tua
Nm_Nm	smál iarainn	smál,iarann
Nm_Nf	mothú feirge	mothú,fearg
Nm_Nm	ball eabhair	ball,eabhar
Nm_Nf	próca suibhe	próca,subh
Nm_NSt	fear magaidh	fear,magadh
Nm_Nf	bata túise	bata,túis
Nm_Nm	fear tuarastail	fear,tuarastal
Nm_Nm	lán crúsca	lán,crúsca
Nm_VNTIGen	barra léime	barra,léim
Nm_VA	ionad tosaithe	ionad,tosaithe
Nm_Nf	pointe teagmhála	pointe,teagmháil
Nm_VNTGen	ionad ceangail	ionad,ceangal
Nm_VNTIGen	buicéad tógála	buicéad,tógáil
Nm_A	práta ubhchruthach	práta,ubhchruthach
Nm_AB	riascbhláth órga	riascbhláth,órga
Nm_Nf	duailín seirce	duailín,searc
Nm_Nm	mála trealaimh	mála,trealamh
Nm_Nf	sorn cistine	sorn,cistin
Nm_Nf	cailín cistine	cailín,cistin
Nm_Nm	carnán bruscair	carnán,bruscar
Nm_Nf	sorn cistine	sorn,cistin
Nm_Nf	balún eitleoige	balún,eitleog
Nm_A	crúca uilleach	crúca,uilleach
Nm_NfGenW	feacadh glún	feacadh,glúin
Nm_NfGenW	pillín glún	pillín,glúin
Nm_A	píopa glúineach	píopa,glúineach
Nm_Nm	ridire fáin	ridire,fán
Nm_VNTIGen	inneall cniotála	inneall,cniotáil
Nm_Nm	dorn iarainn	dorn,iarann
Nm_Nm	bia coisir	bia,coisear
Nm_Nf	ceangal éille	ceangal,iall
Nm_NfGenS	cliúsaí ban	cliúsaí,bean
Nm_Nm	fear fearainn	fear,fearann
Nm_Nm	teach locha	teach,loch
Nm_VA	duan cáinte	duan,cáinte
Nm_Nm	fear aorachais	fear,aorachas
Nm_VA	fear cáinte	fear,cáinte
Nm_Pr_NfComE	dul i dtír	dul,i,tír
Nm_VA	ionad tuirlingthe	ionad,tuirlingthe
Nm_Nf	acht talún	acht,talamh
Nm_Nf	gníomhaire talún	gníomhaire,talamh
Nm_Nf	radharc talún	radharc,talamh
Nm_Nf	cailín feirme	cailín,feirm
Nm_AB	garraíodóir pictiúrtha	garraíodóir,pictiúrtha
Nm_Nm	péintéir tírdhreacha	péintéir,tírdhreach
Nm_Nf	fear tíre	fear,tír
Nm_Nf	suirbhéir talún	suirbhéir,talamh
Nm_Nf	bealach loingseoireachta	bealach,loingseoireacht
Nm_Nm	gaidhrín uchta	gaidhrín,ucht
Nm_AB	bord clé	bord,clé
Nm_Nf	lár deile	lár,deil
Nm_VNT	réabóir dlí	réabóir,dlí
Nm_Nm	greamaire fóid	greamaire,fód
Nm_Nm	riochtán ealaíontóra	riochtán,ealaíontóir
Nm_VA	focal treoraithe	focal,treoraithe
Nm_Nm	alt eagarthóra	alt,eagarthóir
Nm_Nm	dorú aigigh	dorú,aigeach
Nm_Nm	múirín duilliúir	múirín,duilliúr
Nm_Pr_NfComL	ligean ar léas	ligean,ar,léas
Nm_Nm	díleas léis	díleas,léas
Nm_AB	liodán liosta	liodán,liosta
Nm_Nf	buille ciotóige	buille,ciotóg
Nm_Nf	iascaire oidhreachta	iascaire,oidhreacht
Nm_Nf	iarann coise	iarann,cos
Nf_Nm	easpa dithnis	easpa,dithneas
Nm_Nf	sú líomóide	sú,líomóid
Nm_Nf	fáiscire líomóide	fáiscire,líomóid
Nm_Nf	crann líomóide	crann,líomóid
Nm_A	druga maolaitheach	druga,maolaitheach
Nm_Pr_NmComE	dul i laghad	dul,i,laghad
Nm_AB	fáiltiú ríoga	fáiltiú,ríoga
Nf_A	talamh réidh	talamh,réidh
Nm_Nm	fear éithigh	fear,éitheach
Nm_Nf	clúmhilleadh scríbhinne	clúmhilleadh,scríbhinn
Nm_Nm	garda coirp	garda,corp
Nm_PrA_NmComL	saighdiúir den gharda	saighdiúir,de,garda
Nm_Nf	córas teachtaireachta	córas,teachtaireacht
Nm_VNTGen	fear tarrthála	fear,tarrtháil
Nm_VNTIGen	gléas tógála	gléas,tógáil
Nm_VNTIGen	maighnéad tógála	maighnéad,tógáil
Nm_VNTIGen	fear tógála	fear,tógáil
Nm_Nm	déanamh solais	déanamh,solas
Nm_Nm	scagaire solais	scagaire,solas
Nm_Nm	ball solais	ball,solas
Nm_na_Nf	crann na beatha	crann,na,beatha
Nm_Nm	dóiteoir aoil	dóiteoir,aol
Nm_A	greanadh líneach	greanadh,líneach
Nm_Nm	cófra línéadaigh	cófra,línéadach
Nm_Nm	seomra línéadaigh	seomra,línéadach
Nm_A	fear ilbhéarlach	fear,ilbhéarlach
Nm_Nm	buachaill trilseáin	buachaill,trilseán
Nm_VNTGen	luamhán ceangail	luamhán,ceangal
Nm_Nm	baitín béil	baitín,béal
Nm_VNTIGen	fear éisteachta	fear,éisteacht
Nm_Nf	aoileach easrach	aoileach,easair
Nm_Nf	fear litríochta	fear,litríocht
Nm_AB	baoite beo	baoite,beo
Nm_Nf	stábla fostaíochta	stábla,fostaíocht
Nm_Nf	siúcra coirceoige	siúcra,coirceog
Nm_VA	marla múnlaithe	marla,múnlaithe
Nm_Nf	focal iasachta	focal,iasacht
Nm_na_Nf	tábhairne na háite	tábhairne,na,áit
Nm_Nf	loc canála	loc,canáil
Nm_Pr_NmComE	dul i ngreim	dul,i,greim
Nm_Nf	leabhar loinge	leabhar,long
Nm_Nf	leabhar loinge	leabhar,long
Nm_Nm	leabhar turais	leabhar,turas
Nm_VA	leabhar eitilte	leabhar,eitilte
Nm_AB	bád fada	bád,fada
Nm_AB	bogha fada	bogha,fada
Nm_VNTI	suí faire	suí,faire
Nm_Nf	fear gealaí	fear,gealach
Nm_A	coinín spadchluasach	coinín,spadchluasach
Nm_A	dearcán déshúileach	dearcán,déshúileach
Nm_AB	siúl liosta	siúl,liosta
Nm_Nm	séire cumainn	séire,cumann
Nm_Nm	cleamhnas cumainn	cleamhnas,cumann
Nf_A	talamh íseal	talamh,íseal
Nm_Nf	saothraí foraoise	saothraí,foraois
Nm_Nm	muileann adhmaid	muileann,adhmad
Nm_Nm	seomra tranglaim	seomra,tranglam
Nm_Nm	clós adhmaid	clós,adhmad
Nm_VNTGen	giolla ládála	giolla,ládáil
Nm_Nf	roisín maidine	roisín,maidin
Nm_Nm	siogairlín criostail	siogairlín,criostal
Nm_VA	uchtbhalla pollta	uchtbhalla,pollta
Nf_VNIGen	cora báistí	cora,báisteach
Nm_A	criostal cúplach	criostal,cúplach
Nm_Nm	cóiste poist	cóiste,post
Nm_Nm	cóiste poist	cóiste,post
Nf_Nm	carr poist	carr,post
Nm_A	crann mór	crann,mór
Nm_A	giordán mór	giordán,mór
Nm_Nm	maor tí	maor,teach
Nm_VNTIGen	déanamh cuntais	déanamh,cuntas
Nm_Pr_NfComL	leithscéal de sheift	leithscéal,de,seift
Nm_VA	meáchan cothromaithe	meáchan,cothromaithe
Nm_AB	duine míshásta	duine,míshásta
Nm_Nf	teach braiche	teach,braich
Nm_Nm	fear cogaidh	fear,cogadh
Nm_Nm	páiste fir	páiste,fear
Nm_Nf	fearann oidhreachta	fearann,oidhreacht
Nm_Nf	fearann críche	fearann,críoch
Nm_Nm	corrlach airgid	corrlach,airgead
Nm_Nm	leabhar scóir	leabhar,scór
Nm_Nm	lá margaidh	lá,margadh
Nm_Nm	garraíodóir margaidh	garraíodóir,margadh
Nm_Nm	luach margaidh	luach,margadh
Nm_Nm	baile margaidh	baile,margadh
Nf_A	talamh riascach	talamh,riascach
Nm_Pr_NmComE	duine i mbréagriocht	duine,i,bréagriocht
Nm_Nf	crann maisteoige	crann,maisteog
Nm_Nm	déanamh cleamhnais	déanamh,cleamhnas
Nf_VNTIGen	slabhra tomhais	slabhra,tomhas
Nm_Nm	sábh búistéara	sábh,búistéir
Nm_A	déanamh innill	déanamh,innill
Nm_Nm	buaiteoir boinn	buaiteoir,bonn
Nm_VNTIGen	cógas leighis	cógas,leigheas
Nm_VNTIGen	cógas leighis	cógas,leigheas
Nm_Nf	mairnéalach trádála	mairnéalach,trádáil
Nm_Nf	loingeas trádála	loingeas,trádáil
Nm_A	cnáimhín súgach	cnáimhín,súgach
Nm_Nm	ardeaspag oireachais	ardeaspag,oireachas
Nm_Nm	lár báid	lár,bád
Nm_Nf	cailín bleánaí	cailín,bleánach
Nm_VNTIGen	babhta dornála	babhta,dornáil
Nm_Nm	sruth muilinn	sruth,muileann
Nm_Nm	damba muilinn	damba,muileann
Nm_Nm	deannach muilinn	deannach,muileann
Nm_Nm	oibrí muilinn	oibrí,muileann
Nm_Nm	sruth muilinn	sruth,muileann
Nm_Nm	saor muilinn	saor,muileann
Nm_Nf	dochtúir intinne	dochtúir,intinn
Nm_Nf	séipéal mainistreach	séipéal,mainistir
Nm_VNTIGen	iomrall cuntais	iomrall,cuntas
Nm_VA	iomrall seachadta	iomrall,seachadta
Nm_AB	seoladh contráilte	seoladh,contráilte
Nm_NfGenS	fuath ban	fuath,bean
Nm_Nm	cuntas éithigh	cuntas,éitheach
Nm_A	urchar iomrallach	urchar,iomrallach
Nm_VNTIGen	iomrall tuisceana	iomrall,tuiscint
Nm_Nm	crann deiridh	crann,deireadh
Nm_NSt	fear magaidh	fear,magadh
Nm_Nm	athrú gléis	athrú,gléas
Nm_Nm	mála airgid	mála,airgead
Nm_Nm	bille airgid	bille,airgead
Nm_Nm	bosca airgid	bosca,airgead
Nm_Nm	malartóir airgid	malartóir,airgead
Nm_Nm	margadh airgid	margadh,airgead
Su_Nf	ga gealaí	ga,gealach
Nm_Nf	solas gealaí	solas,gealach
Nm_Nf	seomra maidine	seomra,maidin
Nm_Nm	blosc báis	blosc,bás
Nm_Nm	rós caonaigh	rós,caonach
Nm_Nf	cúram clainne	cúram,clann
Nm_VNTIGen	pictiúr reatha	pictiúr,rith
Nm_VNTIGen	fuinneamh gluaiseachta	fuinneamh,gluaiseacht
Nm_A	ball breac	ball,breac
Nm_VA	plána múnlaithe	plána,múnlaithe
Nm_VNTIGen	beithíoch marcaíochta	beithíoch,marcaíocht
Nm_Pr_NmComL	cur ar stáitse	cur,ar,stáitse
Nm_Nf	dath luiche	dath,luch
Nm_Nm	ráca clábair	ráca,clábar
Nm_Nf	bád láibe	bád,láib
Nm_Nf	folcadh láibe	folcadh,láib
Nm_Nf	blár láibe	blár,láib
Nm_Nf	smugachán sráide	smugachán,sráid
Nm_Nf	paca láibe	paca,láib
Nm_VNTIGen	mitín dornála	mitín,dornáil
Nm_Nf	ancaire méise	ancaire,mias
Nm_VNTGen	cás ceoil	cás,ceol
Nm_A	duine ceolchar	duine,ceolchar
Nm_VNTGen	seastán ceoil	seastán,ceol
Nm_VA	sochraideach fostaithe	sochraideach,fostaithe
Nm_Nf	gríscín caoireola	gríscín,caoireoil
Nm_Nf	néal codlata	néal,codladh
Nm_Nf	sámhán codlata	sámhán,codladh
Nm_Nm	ráta beireatais	ráta,beireatas
Nm_Nm	caol imleacáin	caol,imleacán
Nm_Nf	ciarsúr brád	ciarsúr,bráid
Nm_na_NmGenW	liosta na marbh	liosta,na,marbh
Nm_Nm	gunna buailteáin	gunna,buailteán
Nm_Nf	lása snáthaide	lása,snáthaid
Nm_Nm	mac dearthár	mac,deartháir
Nm_Nf	bosca fáire	bosca,fáir
Nm_Nf	lán fáire	lán,fáir
Nm_A	cur eangach	cur,eangach
Nm_A	leatóir eangach	leatóir,eangach
Nm_Nf	crann loiteoige	crann,loiteog
Nm_Pr_NfComL	cur ó éifeacht	cur,ó,éifeacht
Nm_AB	scéal nua	scéal,nua
Nm_Nm	luan laoich	luan,laoch
Nm_Nm	miorcaí linbh	miorcaí,leanbh
Nm_Nm	pataire garsúin	pataire,garsún
Nm_Nf	ballán cíche	ballán,cíoch
Nm_VNTGen	píobán ceangail	píobán,ceangal
Nm_VA	córas ainmnithe	córas,ainmnithe
Nm_VA	cead ainmnithe	cead,ainmnithe
Nm_Pr_NmComL	diúltú do chath	diúltú,do,cath
Nm_Pr_NfComE	neamhtheacht i láthair	neamhtheacht,i,láthair
Nm_Nm	scoláire lae	scoláire,lá
Nm_Nm	mála cinn	mála,ceann
Nm_Nf	fáinne sróine	fáinne,srón
Nm_A	rud úr	rud,úr
Nm_VA	inneall uimhrithe	inneall,uimhrithe
Nm_Nf	roc nimhe	roc,nimh
Nm_Nf	gál darach	gál,dair
Nm_A	ceacht samplach	ceacht,samplach
Nm_VNTIGen	leannán smaoinimh	leannán,smaoineamh
Nm_Nf	bealach loingseoireachta	bealach,loingseoireacht
Nm_Nf	giolla oifige	giolla,oifig
Nm_A	stua rinneach	stua,rinneach
Nm_Nm	craiceann oinniúin	craiceann,oinniún
Nm_VA	luamhán oibrithe	luamhán,oibrithe
Nm_Nf	bord obráide	bord,obráid
Nm_VA	céile imeartha	céile,imeartha
Nm_Nf	fear faille	fear,faill
Nm_Nm	cás orgáin	cás,orgán
Nm_Nf	orgánaí sráide	orgánaí,sráid
Nm_Nm	lochta orgáin	lochta,orgán
Nm_Nm	píopa orgáin	píopa,orgán
Nm_Nm	scáthlán orgáin	scáthlán,orgán
Nm_VA	cré-umha óraithe	cré-umha,óraithe
Nm_Nf	cleite ostraise	cleite,ostrais
Nm_Nf	cleite ostraise	cleite,ostrais
Nm_VA	sruth éalaithe	sruth,éalaithe
Nm_Nm	soláthar trealaimh	soláthar,trealamh
Nm_Nf	ceithearnach coille	ceithearnach,coill
Nm_Nf	marcach coimhdeachta	marcach,coimhdeacht
Nm_VA	mullach oscailte	mullach,oscailte
Nm_A	praghas ró-ard	praghas,ró-ard
Nm_Nf	costas breise	costas,breis
Nm_A	meastachán iomarcach	meastachán,iomarcach
Nm_Nm	tocht uachtair	tocht,uachtar
Nm_A	táirgeadh iomarcach	táirgeadh,iomarcach
Nm_Nf	meáchan breise	meáchan,breis
Nm_Nm	gearrcach ulchabháin	gearrcach,ulchabhán
Nm_VNTIGen	cró pacála	cró,pacáil
Nm_VNTIGen	cás pacála	cás,pacáil
Nm_VNTIGen	páipéar pacála	páipéar,pacáil
Nm_VNTIGen	fáinne pacála	fáinne,pacáil
Nm_Nf	bealach miúile	bealach,miúil
Nm_Nf	cosán miúile	cosán,miúil
Nm_Nm	pioncás uchta	pioncás,ucht
Nm_Nm	bád rotha	bád,roth
Nm_Pr_NmPlComE	cur i leathanaigh	cur,i,leathanach
Nm_Nm	lán tobáin	lán,tobán
Nm_Nm	cógas faoisimh	cógas,faoiseamh
Nm_Nf	spréire péinte	spréire,péint
Nm_Nm	ridire fáin	ridire,fán
Nm_Nf	capall diallaite	capall,diallait
Nm_Nf	cabáiste pailme	cabáiste,pailm
Nm_Nf	teach pailme	teach,pailm
Nm_Nm	stór troscáin	stór,troscán
Nm_Nm	giota páipéir	giota,páipéar
Nm_Nm	teanntán páipéir	teanntán,páipéar
Nm_Nm	muileann páipéir	muileann,páipéar
Nm_Nf	réileán siúlóide	réileán,siúlóid
Nm_A	bainteoir mianach	bainteoir,mianach
Nm_A	íochtarán Indiach	íochtarán,Indiach
Nm_VA	modh labhartha	modh,labhartha
Nm_Nm	teach ministir	teach,ministir
Nm_Nf	fear páirte	fear,páirt
Nm_AB	duine nua	duine,nua
Nm_VA	pas fillte	pas,fillte
Nm_Nf	dráma páise	dráma,páis
Nm_Nm	ceann tí	ceann,teach
Nm_Nf	grá tíre	grá,tír
Nm_Nf	lucht custaiméireachta	lucht,custaiméireacht
Nm_Nf	ainm sinsearachta	ainm,sinsearacht
Nm_Nf	ealaíontóir sráide	ealaíontóir,sráid
Nm_A	greann tur	greann,tur
Nm_Nm	ticéad gill	ticéad,geall
Nm_Nm	clár airgid	clár,airgead
Nm_Nf	bláth péitseoige	bláth,péitseog
Nm_Nf	sicín péacóige	sicín,péacóg
Nm_A	sliogán néamhannach	sliogán,néamhannach
Nm_Nf	portach móna	portach,móin
Nm_A	stua crosach	stua,crosach
Nm_Nm	leabhar uafáis	leabhar,uafás
Nm_na_Nf	post na pingine	post,na,pingin
Nm_A	siolla leathdhéanach	siolla,leathdhéanach
Nm_VA	aidhnín buailte	aidhnín,buailte
Nm_VA	pionna buailte	pionna,buailte
Nm_A	forás iomlán	forás,iomlán
Nm_Nf	teach cumhradóireachta	teach,cumhradóireacht
Nm_Nm	ciorcal colúin	ciorcal,colún
Nf_Pr	sní trí	sní,trí
Nm_Nf	stáitse tairsí	stáitse,tairseach
Nm_AB	eastát pearsanta	eastát,pearsanta
Nm_Nm	séantóir creidimh	séantóir,creideamh
Nm_Nm	suíochán teampaill	suíochán,teampall
Nm_Nm	pota péatair	pota,péatar
Nm_A	planda bláthach	planda,bláthach
Nm_na_Nf	leagan na cainte	leagan,na,caint
Nm_Pr_NfComL	ceangal de staic	ceangal,de,staic
Nm_Pr_NmComL	oibrí ar thasc	oibrí,ar,tasc
Nm_Nm	lása piliúir	lása,piliúr
Nm_Nf	balún píolótaíochta	balún,píolótaíocht
Nm_Nf	bád píolótaíochta	bád,píolótaíocht
Nm_Nf	inneall píolótaíochta	inneall,píolótaíocht
Nm_Nf	garrán giúise	garrán,giúis
Nm_Nf	garrán giúise	garrán,giúis
Nm_Nm	ceann bioráin	ceann,biorán
Nm_Nf	barr eiteoige	barr,eiteog
Nm_Nf	pionna stiúrach	pionna,stiúir
Nm_Nf	séideadh feadóige	séideadh,feadóg
Nm_Nm	lán píopa	lán,píopa
Nm_Nm	urchar piostail	urchar,piostal
Nm_na_Nf	rian na bolgaí	rian,na,bolgach
Nm_A	planda ascaideach	planda,ascaideach
Nm_A	tuarastal fánach	tuarastal,fánach
Nm_Nf	ainm áite	ainm,áit
Nm_Nf	ionad aicíde	ionad,aicíd
Nm_Nm	lán pláta	lán,pláta
Nm_Nm	púdar airgid	púdar,airgead
Nm_AB	rá seanchaite	rá,seanchaite
Nm_Nm	gairdín pléisiúir	gairdín,pléisiúr
Nm_Nf	bád aeraíochta	bád,aeraíocht
Nm_Nf	beartú comhcheilge	beartú,comhcheilg
Nm_na_Nf	béal na fírinne	béal,na,fírinne
Nm_Nf	dorú feádóireachta	dorú,feádóireacht
Nm_Nm	fear airgid	fear,airgead
Nm_VNIGen	méadar báistí	méadar,báisteach
Nm_Nf	lása snáthaide	lása,snáthaid
Nm_Nf	síneadh méire	síneadh,méar
Nm_VA	stiúradh tráchta	stiúradh,tráchta
Nm_Nf	lása snáthaide	lása,snáthaid
Nm_Nf	gás nimhe	gás,nimh
Nm_VA	cladach saothraithe	cladach,saothraithe
Nf_Nm	carr príosúin	carr,príosún
Nm_Nm	sealbhóir árachais	sealbhóir,árachas
Nm_AB	uachtar snasta	uachtar,snasta
Nm_Nf	fear polaitíochta	fear,polaitíocht
Nm_VNTIGen	ionad vótála	ionad,vótáil
Nf_Nm	taibhse torainn	taibhse,torann
Nm_Nm	droichead pontúin	droichead,pontún
Nm_Nm	ráille tile	ráille,tile
Nm_na_NmGenW	dlí na mbocht	dlí,na,bocht
Nm_na_NmGenW	ráta na mbocht	ráta,na,bocht
Nm_Nm	sliogán poircealláin	sliogán,poirceallán
Nm_Nf	búistéir muiceola	búistéir,muiceoil
Nm_Nm	mála poist	mála,post
Nm_Nm	buachaill poist	buachaill,post
Nm_VA	cóiste fostaithe	cóiste,fostaithe
Nm_VA	tollán éalaithe	tollán,éalaithe
Nm_Nm	teach poist	teach,post
Nm_Nm	páipéar poist	páipéar,post
Nm_Nf	uisce potaise	uisce,potais
Nm_Nf	taispeántas éanlaithe	taispeántas,éanlaith
Nm_Nf	clós éanlaithe	clós,éanlaith
Nm_VA	soitheach doirte	soitheach,doirte
Nm_Nf	troscán stopóige	troscán,stopóg
Nm_Nm	cás púdair	cás,púdar
Nf_Nm	taisce púdair	taisce,púdar
Nm_Nm	muileann púdair	muileann,púdar
Nm_Nm	giolla púdair	giolla,púdar
Nm_Nm	clúimhín púdair	clúimhín,púdar
Nm_Nf	tuismeadh feidhme	tuismeadh,feidhm
Nm_A	casúr innill	casúr,innill
Nm_Nf	peitreal mórchumhachta	peitreal,mórchumhacht
Nm_Nf	ráille cumhachta	ráille,cumhacht
Nm_Nm	scaoileadh cleachtaidh	scaoileadh,cleachtadh
Nm_A	cinnire cóir	cinnire,cóir
Nm_Nf	fabhar cánach	fabhar,cáin
Nm_Pr_NfComE	ardú i gcéim	ardú,i,céim
Nm_Pr_NfComL	beartú roimh ré	beartú,roimh,ré
Nm_Nf	radharc seanaoise	radharc,seanaois
Nm_VA	seomra fáiltithe	seomra,fáiltithe
Nm_VA	cadás priontáilte	cadás,priontáilte
Nm_VA	fráma clóite	fráma,clóite
Nm_VNT	seomra cló	seomra,cló
Nf_Nm	carr príosúin	carr,príosún
Nm_Nm	clós príosúin	clós,príosún
Nm_A	dornálaí gairmiúil	dornálaí,gairmiúil
Nm_Nf	airgead éadála	airgead,éadáil
Nm_Pr_NmComL	cosc ar alcól	cosc,ar,alcól
Nm_Nf	cosán spaisteoireachta	cosán,spaisteoireacht
Nm_VNTIGen	crann tiomána	crann,tiomáint
Nm_VNTIGen	laoch comhraic	laoch,comhrac
Nm_VA	corrán bearrtha	corrán,bearrtha
Nm_Nm	raimleálaí óil	raimleálaí,ól
Nm_AB	dlí-eolaí idirnáisiúnta	dlí-eolaí,idirnáisiúnta
Nm_A	ceann ramhar	ceann,ramhar
Nm_Nm	bosca púdair	bosca,púdar
Nm_VNTIGen	fonn troda	fonn,troid
Nm_Pr_NmComL	buille de rámh	buille,de,rámh
Nm_VA	inneall caidéalaithe	inneall,caidéalaithe
Nm_VA	stáisiún caidéalaithe	stáisiún,caidéalaithe
Nm_VNTIGen	puins stampála	puins,stampáil
Nm_VA	inneall pollta	inneall,pollta
Nm_VNTIGen	inneall stampála	inneall,stampáil
Nm_Nf	pointe nósúlachta	pointe,nósúlacht
Nm_VA	airgead ceannaithe	airgead,ceannaithe
Nm_Pr_NfComE	cur i bhfeidhm	cur,i,feidhm
Nm_Nm	fo-oifigeach armais	fo-oifigeach,armas
Nm_Nf	deamhan coimhdeachta	deamhan,coimhdeacht
Nm_Nf	suirbhéir cainníochta	suirbhéir,cainníocht
Nm_Nf	máistir ceathrún	máistir,ceathrú
Nm_Nf	pláta ceathrún	pláta,ceathrú
Nm_Nf	seisiún ceathrún	seisiún,ceathrú
Nm_Nm	trilseán eireabaill	trilseán,eireaball
Nm_Nm	cléireach pinn	cléireach,peann
Nm_NSt	aithriseoir magaidh	aithriseoir,magadh
Nm_Nf	alt rabóide	alt,rabóid
Nm_Nm	cuise rása	cuise,rás
Nm_A	iarnród fiaclach	iarnród,fiaclach
Nm_Nm	caipín radaitheora	caipín,radaitheoir
Nm_Nm	mufa radaitheora	mufa,radaitheoir
Nm_Nf	grabaire sráide	grabaire,sráid
Nm_Nm	claífort iarnróid	claífort,iarnród
Nm_Nm	oibrí iarnróid	oibrí,iarnród
Nf_VNIGen	cora báistí	cora,báisteach
Nm_VNIGen	méadar báistí	méadar,báisteach
Nm_VNIGen	píopa báistí	píopa,báisteach
Nm_VNIGen	uisce báistí	uisce,báisteach
Nm_Nm	réimse féaraigh	réimse,féarach
Nm_Nf	síol ráibe	síol,ráib
Nm_Nf	broc meala	broc,mil
Nm_Nm	confadh ocrais	confadh,ocras
Nm_Nf	ruathar creiche	ruathar,creach
Nm_VA	modh léite	modh,léite
Nm_Nf	seastán léitheoireachta	seastán,léitheoireacht
Nm_Nf	lampa léitheoireachta	lampa,léitheoireacht
Nm_Nf	léitheoir seirbhíse	léitheoir,seirbhís
Nm_Pr_NmComE	athchur i bhfearas	athchur,i,fearas
Nm_Pr_NmComL	díol ar airgead	díol,ar,airgead
Nm_A	argónaí réasúnach	argónaí,réasúnach
Nm_VNTIGen	stampa admhála	stampa,admháil
Nm_VA	ordú glactha	ordú,glactha
Nm_Nf	stáisiún glacadóireachta	stáisiún,glacadóireacht
Nm_Nf	leabhar aithriseoireachta	leabhar,aithriseoireacht
Nm_A	cuntas oifigiúil	cuntas,oifigiúil
Nm_NSt	clós súgartha	clós,súgradh
Nm_AB	reachtaire eaglasta	reachtaire,eaglasta
Nm_VNTI	laghdú maolú	laghdú,maolú
Nm_Nf	gealbhan giolcaí	gealbhan,giolcach
Nm_Nf	ceolaire giolcaí	ceolaire,giolcach
Nm_Pr_NmComE	athchur i bpost	athchur,i,post
Nm_AB	duine rialta	duine,rialta
Nm_VA	ionad cruinnithe	ionad,cruinnithe
Nm_Nm	ioncam cíosa	ioncam,cíos
Nm_Nm	bailitheoir cíosa	bailitheoir,cíos
Nm_Nm	lá cíosa	lá,cíos
Nm_Nm	rolla cíosa	rolla,cíos
Nm_Nf	déanamh macasamhla	déanamh,macasamhail
Nm_A	coinníoll riachtanach	coinníoll,riachtanach
Nm_Nf	cúlscáthlán altóra	cúlscáthlán,altóir
Nm_Pr_NmComE	athchur i bhfearas	athchur,i,fearas
Nm_Nm	ionad sosa	ionad,sos
Nm_Nm	teach itheacháin	teach,itheachán
Nm_Nm	teach sosa	teach,sos
Nm_Pr_NmComE	athchur i bpost	athchur,i,post
Nm_Pr_NfComE	athchur i gcoróin	athchur,i,coróin
Nm_Nf	clabhar altóra	clabhar,altóir
Nm_Nm	fonn díoltais	fonn,díoltas
Nm_Nf	ollamh reitrice	ollamh,reitric
Nm_VNTIGen	líosa tógála	líosa,tógáil
Nm_AB	coscán banda	coscán,banda
Nm_Nf	uisce ríse	uisce,rís
Nm_Nf	clúdach cruaiche	clúdach,cruach
Nm_VNTIGen	cosán marcaíochta	cosán,marcaíocht
Nm_Pr_NmComL	snámh ar ancaire	snámh,ar,ancaire
Nf_Nm	culaith banmharcaigh	culaith,banmharcach
Nm_VNTIGen	máistir marcaíochta	máistir,marcaíocht
Nm_Nm	maide mullaigh	maide,mullach
Nm_Nf	colm coille	colm,coill
Nm_VA	corda roiste	corda,roiste
Nm_Nf	bruach abhann	bruach,abhainn
Nm_Nf	bádóir abhann	bádóir,abhainn
Nm_Nf	bruach abhann	bruach,abhainn
Nm_VA	inneall seamaithe	inneall,seamaithe
Nm_Nm	oibrí bóthair	oibrí,bóthar
Nm_Nm	rás bóthair	rás,bóthar
Nm_Nm	taobh bóthair	taobh,bóthar
Nm_VA	guairneán rósta	guairneán,rósta
Nm_Nm	cuaille suirbhéara	cuaille,suirbhéir
Nm_Nf	iascach slaite	iascach,slat
Nm_VA	muileann rollta	muileann,rollta
Nm_A	imthaca rollach	imthaca,rollach
Nf_A	slabhra rollach	slabhra,rollach
Nm_A	tuáille rollach	tuáille,rollach
Nm_Nf	scéal ridireachta	scéal,ridireacht
Nm_Nf	lochta croise	lochta,cros
Nm_Nf	scáthlán croise	scáthlán,cros
Nm_Nm	maide mullaigh	maide,mullach
Nm_Nf	ribe fréimhe	ribe,fréamh
Nm_Nf	rinceoir téide	rinceoir,téad
Nm_Nf	ceann téide	ceann,téad
Nm_Nf	cosán rópadóireachta	cosán,rópadóireacht
Nm_Nm	bord áidh	bord,ádh
Nm_VNTIGen	cumann rámhaíochta	cumann,rámhaíocht
Nm_VNTIGen	comórtas rámhaíochta	comórtas,rámhaíocht
Nm_VA	stráice cosanta	stráice,cosanta
Nf_Nm	carr bruscair	carr,bruscar
Nm_Nf	post stiúrach	post,stiúir
Nm_Nm	suíochán deiridh	suíochán,deireadh
Nm_VNTIGen	scéal reatha	scéal,rith
Nm_VNTIGen	fáinne reatha	fáinne,rith
Nm_Nf	brobh luachra	brobh,luachair
Nm_Nf	ceap luachra	ceap,luachair
Nm_Nf	mata luachra	mata,luachair
Nm_Nm	coirce préacháin	coirce,préachán
Nm_Pr_NmComE	cur i sac	cur,i,sac
Nm_Nm	lán mála	lán,mála
Nm_Nf	díon diallaite	díon,diallait
Nm_Nf	capall diallaite	capall,diallait
Nm_Nf	leacán diallaite	leacán,diallait
Nm_Nf	crann diallaite	crann,diallait
Nm_VNTIGen	greamán sábhála	greamán,sábháil
Nm_VNTIGen	lampa sábhála	lampa,sábháil
Nm_Nm	soitheach seoil	soitheach,seol
Nm_Nf	gnáthóir saor-reaca	gnáthóir,saor-reic
Nm_Nf	doras rúide	doras,rúid
Nm_VA	salón fáiltithe	salón,fáiltithe
Nm_VA	tobán saillte	tobán,saillte
Nm_A	riasc goirt	riasc,goirt
Nm_VNTGen	costas tarrthála	costas,tarrtháil
Nm_Nf	cabáiste aille	cabáiste,aill
Nm_Nm	oifigeach airm	oifigeach,arm
Nm_A	seomra príobháideach	seomra,príobháideach
Nm_Nm	mála gainimh	mála,gaineamh
Nm_Nm	smachtín gainimh	smachtín,gaineamh
Nm_Nm	múnlú gainimh	múnlú,gaineamh
Nm_Nm	scagaire gainimh	scagaire,gaineamh
Nm_Nm	gabhlán gainimh	gabhlán,gaineamh
Nm_Nm	lán sásair	lán,sásar
Nm_Nm	ispín taosráin	ispín,taosrán
Nm_VNTIGen	fear sábhála	fear,sábháil
Nm_VNTGen	fear tarrthála	fear,tarrtháil
Nm_VNTIGen	gléas spárála	gléas,spáráil
Nm_Nm	binse sáibh	binse,sábh
Nm_Nm	gearradh sáibh	gearradh,sábh
Nm_Nm	fráma sáibh	fráma,sábh
Nm_Nf	binse sábhadóireachta	binse,sábhadóireacht
Nm_Nm	lorg sáibh	lorg,sábh
Nm_PrA_NfComL	masla don chúirt	masla,do,cúirt
Nm_na_Nf	mac na míchomhairle	mac,na,míchomhairle
Nm_Nf	séala ciaróige	séala,ciaróg
Nm_Nm	reacaire uafáis	reacaire,uafás
Nm_A	pus colmnach	pus,colmnach
Nm_Nm	fíochán coilm	fíochán,colm
Nm_Nm	fear amhrais	fear,amhras
Nm_Nf	lá scoile	lá,scoil
Nm_Nf	cailín scoile	cailín,scoil
Nm_Nf	teach scoile	teach,scoil
Nm_Nf	máistir scoile	máistir,scoil
Nm_Nf	múinteoir eolaíochta	múinteoir,eolaíocht
Nm_Nm	cacamas iarainn	cacamas,iarann
Nm_na_Nf	creamh na muice	creamh,na,muc
Nm_Nm	brac solais	brac,solas
Nm_VA	galún taosctha	galún,taosctha
Nm_Nf	lán sluaiste	lán,sluasaid
Nm_Nm	cluiche scóir	cluiche,scór
Nm_A	bád réthónach	bád,réthónach
Nm_VNTIGen	babhta dornála	babhta,dornáil
Nm_VA	fáinne scríobtha	fáinne,scríobtha
Nm_VNTGen	carn scartála	carn,scartáil
Nm_VA	meana scríobtha	meana,scríobtha
Nm_Nf	fear scríbe	fear,scríob
Nm_Nf	gearrthóir bíse	gearrthóir,bís
Nm_Nf	gearradh bíse	gearradh,bís
Nm_Nf	scriú lúibe	scriú,lúb
Nm_Nf	crúca bíse	crúca,bís
Nm_Nf	roth bíse	roth,bís
Nm_A	nóta beag	nóta,beag
Nm_Nf	scríbhneoir truflaise	scríbhneoir,truflais
Nm_Nm	breacaire páipéir	breacaire,páipéar
Nm_Nm	breacaire páipéir	breacaire,páipéar
Nm_Nf	scríbhneoir truflaise	scríbhneoir,truflais
Nm_Nf	gad brád	gad,bráid
Nm_Nf	caipín clibirte	caipín,clibirt
Nm_Nf	leathchúlaí clibirte	leathchúlaí,clibirt
Nm_Nf	lintéar loinge	lintéar,long
Nm_Nm	buicéad guail	buicéad,gual
Nm_na_Nf	cladach na farraige	cladach,na,farraige
Nm_Nf	cabáiste aille	cabáiste,aill
Nm_VNTI	bóthar trá	bóthar,trá
Nm_Nf	ceadúnas seoltóireachta	ceadúnas,seoltóireacht
Nm_A	cuaille treorach	cuaille,treorach
Nm_Nm	nóinín cladaigh	nóinín,cladach
Nm_VNTGen	iarann brandála	iarann,brandáil
Nm_na_Nf	bord na farraige	bord,na,farraige
Nm_Nf	gnáthluas loinge	gnáthluas,long
Nm_Pr_NmComL	cófra faoi shuíochán	cófra,faoi,suíochán
Nm_Nf	siúl loinge	siúl,long
Nm_Nf	ceolaire cíbe	ceolaire,cíb
Nm_Nm	cáca cearbhais	cáca,cearbhas
Nm_Nm	síol arbhair	síol,arbhar
Nm_Nm	siopa síl	siopa,síol
Nm_na_Nf	séasúr na curadóireachta	séasúr,na,curadóireacht
Nm_Pr_NmComE	cur i leataobh	cur,i,leataobh
Nm_Pr_NmComE	dul i bhfostú	dul,i,fostú
Nm_AB	dath nádúrtha	dath,nádúrtha
Nm_Nm	scrúdú coinsiasa	scrúdú,coinsias
Nm_Nm	caomhnú anama	caomhnú,anam
Nm_Nf	post fairtheoireachta	post,fairtheoireacht
Nm_Nm	bosca fairtheora	bosca,fairtheoir
Nm_VNTGen	ceiliúr ceoil	ceiliúr,ceol
Nm_Nf	píopa seirbhíse	píopa,seirbhís
Nm_Nf	raidhfil seirbhíse	raidhfil,seirbhís
Nm_VNTIGen	stáisiún friothála	stáisiún,friotháil
Nm_Nm	naipcín boird	naipcín,bord
Nm_Pr_NfComE	cur i gcóir	cur,i,cóir
Nm_Nm	cur síl	cur,síol
Nm_Nm	cur béil	cur,béal
Nm_Pr_NfComE	daingniú i dtalamh	daingniú,i,talamh
Nm_Pr_NmComE	cur i dtreo	cur,i,treo
Nm_Nf	cailín snáthaide	cailín,snáthaid
Nm_VNTIGen	cailín fuála	cailín,fuáil
Nm_VNTIGen	fáisceán fuála	fáisceán,fuáil
Nm_Nf	blúire potaireachta	blúire,potaireacht
Nm_VA	scáthán bearrtha	scáthán,bearrtha
Nm_Pr_NfComE	cur i dtruaill	cur,i,truaill
Nm_VNTGen	miotal cumhdaigh	miotal,cumhdach
Nm_Nf	bord fothana	bord,fothain
Nm_na_Nf	arán na fianaise	arán,na,fianaise
Nm_Nf	giolla scéithe	giolla,sciath
Nm_Pr_NmComE	cur i bhfearas	cur,i,fearas
Nm_Nf	bord loinge	bord,long
Nm_Nf	máistir loinge	máistir,long
Nm_Nf	corna turrainge	corna,turraing
Nm_Nf	maolaire turrainge	maolaire,turraing
Nm_Nf	coscán bróige	coscán,bróg
Nm_Nf	búcla bróige	búcla,bróg
Nm_Nf	ladar bróige	ladar,bróg
Nm_Nf	strapa bróige	strapa,bróg
Nm_VNTIGen	bothán seilge	bothán,seilg
Nm_VNTGen	raon lámhaigh	raon,lámhach
Nm_VNTGen	cás taispeána	cás,taispeáint
Nm_Nf	saoiste ceardlainne	saoiste,ceardlann
Nm_Nm	bád cladaigh	bád,cladach
Nm_A	urchar gairid	urchar,gairid
Nm_Nf	cnota gualainne	cnota,gualainn
Nm_Nf	ribín gualainne	ribín,gualainn
Nm_Nf	lán sluaiste	lán,sluasaid
Nm_Nf	hata sluaiste	hata,sluasaid
Nm_Nf	fógra amharclainne	fógra,amharclann
Nm_Nf	cárta fógraíochta	cárta,fógraíocht
Nm_Nm	cás taispeántais	cás,taispeántas
Nm_Nm	ionad taispeántais	ionad,taispeántas
Nm_VA	buinne cosanta	buinne,cosanta
Nm_Nf	liúntas breoiteachta	liúntas,breoiteacht
Nm_Nm	cleite corráin	cleite,corrán
Nm_Nm	seomra tinnis	seomra,tinneas
Nm_Nm	druma taoibh	druma,taobh
Nm_Nm	loca taoibh	loca,taobh
Nm_Nm	bord éadain	bord,éadan
Nm_Nm	radharc taoibh	radharc,taobh
Nm_Nm	fuíoll criathair	fuíoll,criathar
Nm_AB	cothú sofheicthe	cothú,sofheicthe
Nm_Nf	lampa comharthaíochta	lampa,comharthaíocht
Nm_Nf	fear comharthaíochta	fear,comharthaíocht
Nm_Nf	solas comharthaíochta	solas,comharthaíocht
Nm_Nf	fear comharthaíochta	fear,comharthaíocht
Nm_Nf	roicéad comharthaíochta	roicéad,comharthaíocht
Nm_Nf	stáisiún comharthaíochta	stáisiún,comharthaíocht
Nm_Nm	ceol aitheantais	ceol,aitheantas
Nm_Nm	port aitheantais	port,aitheantas
Nm_Nf	síniú láimhe	síniú,lámh
Nm_Nm	scragall airgid	scragall,airgead
Nm_A	cluiche singil	cluiche,singil
Nm_Pr_NfComE	dul i mbá	dul,i,bá
Nm_A	bolgam beag	bolgam,beag
Nm_Nm	galar craicinn	galar,craiceann
Nm_Nm	lán púcáin	lán,púcán
Nm_Nm	nódú craicinn	nódú,craiceann
Nm_VA	réigiún tosta	réigiún,tosta
Nm_Nf	roicéad spéire	roicéad,spéir
Nm_Nm	seol mullaigh	seol,mullach
Nm_Nf	fógra spéire	fógra,spéir
Nm_Nf	cairéal slinne	cairéal,slinn
Nm_VNTIGen	dol reatha	dol,rith
Nm_Nm	fáinne conduchtais	fáinne,conduchtas
Nm_Nm	uisce dríodair	uisce,dríodar
Nm_A	greim caoch	greim,caoch
Nm_A	bia bog	bia,bog
Nm_Nf	lorg crúibe	lorg,crúb
Nm_AB	tromshiúl spadánta	tromshiúl,spadánta
Nm_A	buille marfach	buille,marfach
Nm_Nm	buidéal cumhráin	buidéal,cumhrán
Nm_Nf	mealltóir nathrach	mealltóir,nathair
Nm_Nf	bosca snaoise	bosca,snaois
Nm_Nf	caiteoir snaoise	caiteoir,snaois
Nm_Nf	coire gallúnaí	coire,gallúnach
Nm_Nf	soitheach gallúnaí	soitheach,gallúnach
Nm_Nf	déantóir gallúnaí	déantóir,gallúnach
Nm_A	duine tromchúiseach	duine,tromchúiseach
Nm_AB	cumann sóisialta	cumann,sóisialta
Nm_Nf	ionad cuairte	ionad,cuairt
Nm_VNTGen	airgead cúitimh	airgead,cúiteamh
Nm_VNTIGen	bior sádrála	bior,sádráil
Nm_VNTIGen	lampa sádrála	lampa,sádráil
Nm_Nm	fear cogaidh	fear,cogadh
Nm_Nm	ceann cogaidh	ceann,cogadh
Nm_Nf	dearmad gramadaí	dearmad,gramadach
Nm_Nm	ceoltóir aonair	ceoltóir,aonar
Nm_VNTIGen	balún tomhais	balún,tomhas
Nm_Nm	hata bádóra	hata,bádóir
Nm_Nf	lán spáide	lán,spád
Nm_Nf	loirgneán láibe	loirgneán,láib
Nm_VA	séasúr sceite	séasúr,sceite
Nm_NSt	trumpa cainte	trumpa,caint
Nm_NSt	feadán cainte	feadán,caint
Nm_Pr_NfComL	sá de shleá	sá,de,sleá
Nm_Nm	garda luais	garda,luas
Nm_VA	leabhar litrithe	leabhar,litrithe
Nm_Nf	alt spiogóide	alt,spiogóid
Nm_Nm	crann sníomhacháin	crann,sníomhachán
Nm_Nm	muileann sníomhacháin	muileann,sníomhachán
Nm_Nm	lampa alcóil	lampa,alcól
Nm_Nf	togharmach cnagarnaí	togharmach,cnagarnach
Nm_Nf	clár láibe	clár,láib
Nm_VA	páipéar millte	páipéar,millte
Nm_VA	bata bactha	bata,bactha
Nm_Nm	léibheann cliatháin	léibheann,cliathán
Nm_Nf	lán spúnóige	lán,spúnóg
Nm_Pr_NmComL	ball ar shliocht	ball,ar,sliocht
Nm_Nf	fear cluichíochta	fear,cluichíocht
Nm_na_Nf	cothrom na féinne	cothrom,na,fiann
Nm_Nf	seol spreoide	seol,spreoid
Nm_Nm	suí táilliúra	suí,táilliúir
Nm_VA	burdún cáinte	burdún,cáinte
Nm_VA	ceart léirithe	ceart,léirithe
Nm_A	buille treascrach	buille,treascrach
Nm_VA	coimeádaí geallta	coimeádaí,geallta
Nm_Nm	cúl dín	cúl,díon
Nm_Nf	simléar monarchan	simléar,monarcha
Nm_VA	inneall brúite	inneall,brúite
Nm_VA	muileann brúite	muileann,brúite
Nm_VA	inneall dúisithe	inneall,dúisithe
Nm_VA	ceann tosaithe	ceann,tosaithe
Nm_VA	cuaille tosaithe	cuaille,tosaithe
Nm_VA	compás stiúrtha	compás,stiúrtha
Nm_VA	inneall stiúrtha	inneall,stiúrtha
Nm_VA	gléasra stiúrtha	gléasra,stiúrtha
Nm_VA	siúl stiúrtha	siúl,stiúrtha
Nm_VA	fear stiúrtha	fear,stiúrtha
Nm_VA	liagán greanta	liagán,greanta
Nm_Nm	píopa bréantais	píopa,bréantas
Nm_Nf	imthaca céime	imthaca,céim
Nm_A	roithleán grádach	roithleán,grádach
Nm_Nf	rince céime	rince,céim
Nm_Nm	gunna deiridh	gunna,deireadh
Nm_Nm	solas deiridh	solas,deireadh
Nm_Nm	rámh deiridh	rámh,deireadh
Nm_Nm	post deiridh	post,deireadh
Nm_VA	panna stofa	panna,stofa
Nm_VA	pota stofa	pota,stofa
Nm_AB	liodán liosta	liodán,liosta
Nm_Nf	bun ceathrún	bun,ceathrú
Nm_A	boladh bréan	boladh,bréan
Nm_Nm	pléascán bréantais	pléascán,bréantas
Nf_NSt	dreas oibre	dreas,obair
Nm_Nf	iarann stíoróipe	iarann,stíoróip
Nm_Nf	leathar stíoróipe	leathar,stíoróip
Nm_A	carbhat ard	carbhat,ard
Nm_VNTIGen	inneall cniotála	inneall,cniotáil
Nm_Nm	maor stóir	maor,stór
Nm_Nm	margadh eallaigh	margadh,eallach
Nm_VA	bia stolptha	bia,stolptha
Nm_Nf	coiréal cloiche	coiréal,cloch
Nm_AB	imreoir dígeanta	imreoir,dígeanta
Nm_Nf	colúr cluana	colúr,cluain
Nm_VA	cárta coiscthe	cárta,coiscthe
Nm_VA	buille ceaptha	buille,ceaptha
Nm_Nf	néal doininne	néal,doineann
Nm_Nf	laindéar doininne	laindéar,doineann
Nm_Nf	seol doininne	seol,doineann
Nm_VA	paisinéir folaithe	paisinéir,folaithe
Nm_VA	mála síothlaithe	mála,síothlaithe
Nm_VA	scriú teannta	scriú,teannta
Nm_VA	rópa teannta	rópa,teannta
Nm_VNTGen	pláta ceangail	pláta,ceangal
Nm_na_Nf	dualgas na beilte	dualgas,na,beilt
Nm_AB	coscán banda	coscán,banda
Nm_na_Nf	dualgas na beilte	dualgas,na,beilt
Nm_A	néal srathach	néal,srathach
Nm_AB	ball rua	ball,rua
Nm_Nf	dailtín sráide	dailtín,sráid
Nm_Nf	doras sráide	doras,sráid
Nm_Nf	eolaí cathrach	eolaí,cathair
Nm_Nf	soilsiú sráide	soilsiú,sráid
Nm_VA	crann sínte	crann,sínte
Nm_Nf	bristeoir stailce	bristeoir,stailc
Nm_A	tairne ramhar	tairne,ramhar
Nm_Nm	leabhar ginealaigh	leabhar,ginealach
Nm_NSt	fonn staidéir	fonn,staidéar
Nm_VNTIGen	bosca stuála	bosca,stuáil
Nm_Nf	cleas bolscaireachta	cleas,bolscaireacht
Nm_Pr_NmComL	dul faoi uisce	dul,faoi,uisce
Nm_VA	cleas éalaithe	cleas,éalaithe
Nm_Pr_NfComL	bóthar faoi thalamh	bóthar,faoi,talamh
Nm_Nm	banbh balláin	banbh,ballán
Nm_VA	dreidire súite	dreidire,súite
Nm_VA	séideal súite	séideal,súite
Nm_Nf	uisce ruibhe	uisce,ruibh
Nm_AB	am nua	am,nua
Nm_PrA_NfComE	luí faoin ngrian	luí,faoi,grian
Nm_PrA_NfComE	luí faoin ngrian	luí,faoi,grian
Su_Nf	ga gréine	ga,grian
Nm_Nf	boinéad gréine	boinéad,grian
Nm_Nf	bord gréine	bord,grian
Nm_Nf	hata gréine	hata,grian
Nm_Nf	clogad gréine	clogad,grian
Nm_Nf	solas gréine	solas,grian
Nm_Nf	múr gréine	múr,grian
Nm_Nm	maor luchta	maor,lucht
Nm_Nf	forghabhálaí seilbhe	forghabhálaí,seilbh
Nm_Nm	soláthar lóin	soláthar,lón
Nm_VNTIGen	ciorcad soláthair	ciorcad,soláthar
Nm_VNTIGen	píopa soláthair	píopa,soláthar
Nm_Nf	snámh toinne	snámh,tonn
Nm_Nf	bád toinne	bád,tonn
Nm_Nm	dochtúir airm	dochtúir,arm
Nm_A	cóta luascach	cóta,luascach
Nm_Nm	cur allais	cur,allas
Nm_Nm	allas lagair	allas,lagar
Nm_VNTIGen	comórtas snámha	comórtas,snámh
Nm_A	cúl luascach	cúl,luascach
Nm_A	tosach luascach	tosach,luascach
Nm_VA	luamhán aistrithe	luamhán,aistrithe
Nm_Nm	malartú datha	malartú,dath
Nm_VA	ráille aistrithe	ráille,aistrithe
Nm_Nf	fáinne sclóine	fáinne,sclóin
Nm_Nf	gunna sclóine	gunna,sclóin
Nm_Nm	iompróir claímh	iompróir,claíomh
Nm_Nm	gearradh claímh	gearradh,claíomh
Nm_Nm	colm claímh	colm,claíomh
Nm_na_NmGenS	damhsa na gclaimhte	damhsa,na,claíomh
Nm_Nm	sá claímh	sá,claíomh
Nm_Nm	fear cumainn	fear,cumann
Nm_Nm	comhrá boird	comhrá,bord
Nm_Nm	clár boird	clár,bord
Nm_Nm	greim gúshnátha	greim,gúshnáth
Nm_Nm	plána deiridh	plána,deireadh
Nm_Nm	sleamhnán eireabaill	sleamhnán,eireaball
Nm_Nm	stoc deiridh	stoc,deireadh
Nm_A	cófra ard	cófra,ard
Nm_Nm	ceannaí airleacain	ceannaí,airleacan
Nm_Nm	inneall umair	inneall,umar
Nm_Nf	cairpéad taipéise	cairpéad,taipéis
Nm_Nf	fíodóir taipéise	fíodóir,taipéis
Nm_Nf	crann cniogóige	crann,cniogóg
Nm_Nm	athleasú custaim	athleasú,custam
Nm_Nm	lochán sléibhe	lochán,sliabh
Nm_Nf	gearradh cánach	gearradh,cáin
Nm_Nf	sochar cánach	sochar,cáin
Nm_Nf	lán taespúnóige	lán,taespúnóg
Nm_Nf	ballán cíche	ballán,cíoch
Nm_Nm	roithleagán rotha	roithleagán,roth
Nm_Nm	cailín teileafóin	cailín,teileafón
Nm_Nf	eolaí stiúrach	eolaí,stiúir
Nm_Nm	airteagal creidimh	airteagal,creideamh
Nm_Nm	roithleán teannais	roithleán,teannas
Nm_VA	crann triomaithe	crann,triomaithe
Nm_Nm	pionna pubaill	pionna,puball
Nm_A	cosantóir áitiúil	cosantóir,áitiúil
Nm_VA	barra profa	barra,profa
Nm_VA	binse profa	binse,profa
Nm_A	scrúdú trialach	scrúdú,trialach
Nm_A	píosa trialach	píosa,trialach
Nm_VA	píolóta profa	píolóta,profa
Nm_Nf	comhrá beirte	comhrá,beirt
Nm_Nf	gnáthóir amharclainne	gnáthóir,amharclann
Nm_Nm	lán méaracáin	lán,méaracán
Nm_na_NmGenW	cleas na méaracán	cleas,na,méaracán
Nm_Nm	canach feochadáin	canach,feochadán
Nm_Nf	ainmhí folaíochta	ainmhí,folaíocht
Nm_A	cluiche triarach	cluiche,triarach
Nm_VA	inneall buailte	inneall,buailte
Nm_VA	inneall buailte	inneall,buailte
Nm_Nf	imthaca teanntála	imthaca,teanntáil
Nm_Nf	cith toirní	cith,toirneach
Nm_na_Nf	ithe na taoide	ithe,na,taoide
Nm_Nm	fáiscín carbhait	fáiscín,carbhat
Nm_Nm	biorán carbhait	biorán,carbhat
Nm_Nf	roth stiúrach	roth,stiúir
Nm_Nf	lansa giústála	lansa,giústáil
Nm_Nf	saothrú talún	saothrú,talamh
Nm_Nf	crann coille	crann,coill
Nm_Nm	stór adhmaid	stór,adhmad
Nm_Nf	fear faille	fear,faill
Nm_Nf	giolla cúirte	giolla,cúirt
Nm_Nf	eolaí rásaíochta	eolaí,rásaíocht
Nm_NEn	tomhas carat	tomhas,carat
Nm_Nf	smugairle cuaiche	smugairle,cuach
Nm_Nf	greamán bróige	greamán,bróg
Nm_Nf	airgead muiníne	airgead,muinín
Nm_Nm	airgead aonaigh	airgead,aonach
Nm_Nm	droichead custaim	droichead,custam
Nf_Nf	foraire paidhce	foraire,paidhc
Nm_VA	cnó pollta	cnó,pollta
Nm_Nm	ceann uachtair	ceann,uachtar
Nm_Nm	rigín uachtair	rigín,uachtar
Nm_Nm	rigín uachtair	rigín,uachtar
Nm_Nm	ualach uachtair	ualach,uachtar
Nm_Nf	cocán gruaige	cocán,gruaig
Nm_Nm	sábhadóir cinn	sábhadóir,ceann
Nm_Nf	laindéar stoirme	laindéar,stoirm
Nm_A	leictriméadar toirsiúnach	leictriméadar,toirsiúnach
Nm_Nm	ticéad turasóra	ticéad,turasóir
Nm_Nm	cléireach baile	cléireach,baile
Nm_Nm	comhairleoir baile	comhairleoir,baile
Nm_VA	roth rianaithe	roth,rianaithe
Nm_VNTIGen	capall cúnta	capall,cúnamh
Nm_Nm	crios boinn	crios,bonn
Nm_A	tráchtas beag	tráchtas,beag
Nm_Nf	liúntas trádála	liúntas,trádáil
Nm_VA	bainisteoir tráchta	bainisteoir,tráchta
Nm_Nf	líon scríbe	líon,scríob
Nm_VNTGen	coláiste oiliúna	coláiste,oiliúint
Nm_Nm	péitse triopaill	péitse,triopall
Nm_A	páipéar aistritheach	páipéar,aistritheach
Nm_Nm	athrú crutha	athrú,cruth
Nm_Nf	líon scríbe	líon,scríob
Nm_Nm	pionna adhmaid	pionna,adhmad
Nm_Nm	corp crainn	corp,crann
Nm_VNT	sárú dlí	sárú,dlí
Nm_Nm	droichead tristéil	droichead,tristéal
Nm_Nm	bord tristéil	bord,tristéal
Nm_Nf	fear treibhe	fear,treibh
Nm_Nm	garda truicir	garda,truicear
Nm_Nf	fáiscín rothaíochta	fáiscín,rothaíocht
Nm_Nm	sínteoir treabhsair	sínteoir,treabhsar
Nm_VA	feisteas pósta	feisteas,pósta
Nm_Nf	teachtaire síochána	teachtaire,síocháin
Nm_Nf	ualach trucaile	ualach,trucail
Nm_VNTIGen	roth tomhais	roth,tomhas
Nm_A	bríste cabhlach	bríste,cabhlach
Nm_VA	droichead trusáilte	droichead,trusáilte
Nm_Nm	gníomhas iontaobhais	gníomhas,iontaobhas
Nm_VA	feadán taosctha	feadán,taosctha
Nm_Pr_NfComL	stáisiún faoi thalamh	stáisiún,faoi,talamh
Nm_Nm	suíochán tobáin	suíochán,tobán
Nm_VNTIGen	casúr tiúnta	casúr,tiúnadh
Nm_VNTIGen	sleamhnán tiúnta	sleamhnán,tiúnadh
Nm_Nm	déanamh tolláin	déanamh,tollán
Nm_VA	cló iompaithe	cló,iompaithe
Nm_Nm	láimhdeachas airgid	láimhdeachas,airgead
Nm_Nf	fuíoll deile	fuíoll,deil
Nm_Nm	anraith turtair	anraith,turtar
Nm_VNTIGen	rang teagaisc	rang,teagasc
Nm_A	sorcóir cúplach	sorcóir,cúplach
Nm_VNT	teilgeoir cló	teilgeoir,cló
Nm_Nm	tuaslagán boinn	tuaslagán,bonn
Nm_Nm	clúdach boinn	clúdach,bonn
Nm_VNIGen	méadar báistí	méadar,báisteach
Nm_Nm	crústa íochtair	crústa,íochtar
Nm_Nm	ball fo-éadaigh	ball,fo-éadach
Nm_Nm	ceal teannaidh	ceal,teannadh
Nm_Nm	giall íochtair	giall,íochtar
Nm_Nm	aisteoir ionaid	aisteoir,ionad
Nm_na_NmGenW	ceantar na n-amhas	ceantar,na,amhas
Nm_Nm	fear cnoic	fear,cnoc
Nm_Nf	suaitheadh intinne	suaitheadh,intinn
Nm_Nf	uiséir scoile	uiséir,scoil
Nm_Nf	giolla coimhdeachta	giolla,coimhdeacht
Nm_VNTGen	liosta luachála	liosta,luacháil
Nm_Nf	folcadh gaile	folcadh,gal
Nm_na_Nf	lá na vearnaise	lá,na,vearnais
Nm_Nf	díothóir vearnaise	díothóir,vearnais
Nm_Nf	lán daibhche	lán,dabhach
Nm_VNTIGen	fear tairngreachta	fear,tairngreacht
Nm_Nf	athrú intinne	athrú,intinn
Nm_Nm	fíoch bunaidh	fíoch,bunadh
Nm_Nf	maor coille	maor,coill
Nm_Nf	póca veiste	póca,veist
Nm_Nm	fonn díoltais	fonn,díoltas
Nm_Nf	crann fíniúna	crann,fíniúin
Nm_Nf	barr fíniúna	barr,fíniúin
Nm_Nm	fómharaí fíona	fómharaí,fíon
Nm_Nf	cárta cuairte	cárta,cuairt
Nm_Nf	scáthlán gréine	scáthlán,grian
Nm_Nm	scrúdú béil	scrúdú,béal
Nm_Nf	cumas tola	cumas,toil
Nm_Nm	coire tuathail	coire,tuathal
Nm_Nm	séala páipéir	séala,páipéar
Nm_VNTI	teach faire	teach,faire
Nm_Nf	geábh spaisteoireachta	geábh,spaisteoireacht
Nm_Nm	luas siúil	luas,siúl
Nm_Nm	rás siúil	rás,siúl
Nm_Nf	maide láimhe	maide,lámh
Nm_A	amhránaí binn	amhránaí,binn
Nm_Nm	tuar cogaidh	tuar,cogadh
Nm_Nm	tuairisceoir cogaidh	tuairisceoir,cogadh
Nm_Nm	damhsa cogaidh	damhsa,cogadh
Nm_Pr_NmComE	cur i stór	cur,i,stór
Nm_Nm	maor stóir	maor,stór
Nm_Nm	giolla stóir	giolla,stór
Nm_Nm	líonrith cogaidh	líonrith,cogadh
Nm_Nm	taoiseach cogaidh	taoiseach,cogadh
Nm_Nm	eitleán cogaidh	eitleán,cogadh
Nm_A	brat éadrom	brat,éadrom
Nm_AB	leathar sonite	leathar,sonite
Nm_Nm	píopa fuíll	píopa,fuíoll
Nm_Nm	cás uaireadóra	cás,uaireadóir
Nf_Nm	slabhra uaireadóra	slabhra,uaireadóir
Nm_Nm	póca uaireadóra	póca,uaireadóir
Nm_Nm	sprionga uaireadóra	sprionga,uaireadóir
Nm_VNTI	túr faire	túr,faire
Nm_Pr_NmComL	iompar ar uisce	iompar,ar,uisce
Nm_na_Nf	taobh na farraige	taobh,na,farraige
Nm_A	duine éadaingean	duine,éadaingean
Nm_Nf	gob céarach	gob,céir
Nf_Nf	snáithe céarach	snáithe,céir
Nm_Nf	miortal céarach	miortal,céir
Nm_Nf	páipéar céarach	páipéar,céir
Nm_Nf	crann céarach	crann,céir
Nm_Nm	bille iompair	bille,iompar
Nm_Nm	taobh bóthair	taobh,bóthar
Nm_VA	fear caite	fear,caite
Nm_VA	clár silte	clár,silte
Nm_na_Nf	buntáiste na gaoithe	buntáiste,na,gaoth
Nm_na_Nf	cladach na gaoithe	cladach,na,gaoth
Nm_na_Nf	taobh na gaoithe	taobh,na,gaoth
Nm_Nf	béile bainise	béile,bainis
Nm_Nf	cáca bainise	cáca,bainis
Nm_Nf	cárta bainise	cárta,bainis
Nm_Nf	aoi bainise	aoi,bainis
Nm_VA	bronntanas pósta	bronntanas,pósta
Nm_VA	saol pósta	saol,pósta
Nm_PrA_NfComDef	lá den tseachtain	lá,de,seachtain
Nm_A	páipéar seachtainiúil	páipéar,seachtainiúil
Nm_Nm	snáth innigh	snáth,inneach
Nm_Nm	snáth innigh	snáth,inneach
Nm_VA	cró meáite	cró,meáite
Nm_VA	droichead meáite	droichead,meáite
Nm_Nf	déantús maitheasa	déantús,maitheas
Nm_Nf	fear páirte	fear,páirt
Nf_Nm	bradaí gill	bradaí,geall
Nf_Nf	tuí cruithneachta	tuí,cruithneacht
Nm_na_Nf	teach na stiúrach	teach,na,stiúir
Nm_Nf	raon stiúrach	raon,stiúir
Nm_Nm	lorg rotha	lorg,roth
Nm_Nm	tom aitinn	tom,aiteann
Nm_Nf	fógra fuipe	fógra,fuip
Nm_VNTIGen	tácla tógála	tácla,tógáil
Nm_Nf	maor laisce	maor,lasc
Nm_Nf	greim laisce	greim,lasc
Nm_Nf	seomra cogarnaí	seomra,cogarnach
Nm_AB	hata bosleathan	hata,bosleathan
Nm_Nf	ceap peiriúice	ceap,peiriúic
Nm_Nf	ceolaire sailí	ceolaire,saileach
Nm_VA	crann tochraiste	crann,tochraiste
Nm_Nf	taispeántas fuinneoige	taispeántas,fuinneog
Nm_Nf	clúdach fuinneoige	clúdach,fuinneog
Nm_Nf	fráma fuinneoige	fráma,fuinneog
Nm_Nf	pána fuinneoige	pána,fuinneog
Nm_Nf	suíochán fuinneoige	suíochán,fuinneog
Nm_na_Nf	taobh na gaoithe	taobh,na,gaoth
Nm_Nf	súmaire dí	súmaire,deoch
Nm_Nm	buitléir fíona	buitléir,fíon
Nm_Nm	fuaraitheoir fíona	fuaraitheoir,fíon
Nm_Nf	lán fíonghloine	lán,fíonghloine
Nm_Nf	saothrú fíniúna	saothrú,fíniúin
Nm_Nm	ceannaí fíona	ceannaí,fíon
Nm_Nf	gearrthóir sreinge	gearrthóir,sreang
Nm_Nf	scagaire sreinge	scagaire,sreang
Nm_A	cnáimhín súgach	cnáimhín,súgach
Nm_AB	madra allta	madra,allta
Nm_A	duine éachtach	duine,éachtach
Nm_Nf	sealgaire coille	sealgaire,coill
Nm_Nm	greanadóir adhmaid	greanadóir,adhmad
Nf_Nf	talamh coille	talamh,coill
Nm_Nf	colm coille	colm,coill
Nm_Nm	cual connaidh	cual,connadh
Nm_Nm	laíon adhmaid	laíon,adhmad
Nm_A	lus molach	lus,molach
Nm_Nf	sealgaire coille	sealgaire,coill
Nm_Nm	alcól adhmaid	alcól,adhmad
Nm_Nf	margadh olla	margadh,olann
Nm_Nf	mála olla	mála,olann
Nm_Nf	paca olla	paca,olann
Nm_Pr_NmPlComE	cur i bhfocail	cur,i,focal
Nm_Pr_NmPlComE	pictiúr i bhfocail	pictiúr,i,focal
Nm_VNTIGen	mála fuála	mála,fuáil
Nm_VNTIGen	ciseán fuála	ciseán,fuáil
Nm_NSt	binse oibre	binse,obair
Nm_VNTIGen	bosca fuála	bosca,fuáil
Nm_NSt	bord oibre	bord,obair
Nm_Nf	cac péiste	cac,péist
Nm_Nf	giar bíse	giar,bís
Nm_VNTIGen	pionna tiúnta	pionna,tiúnadh
Nm_Nf	pionna crangaide	pionna,crangaid
Nm_Nf	uaireadóir láimhe	uaireadóir,lámh
Nm_Nf	leabhar scríbhneoireachta	leabhar,scríbhneoireacht
Nm_Nf	caibinéad scríbhneoireachta	caibinéad,scríbhneoireacht
Nm_Nf	cás scríbhneoireachta	cás,scríbhneoireacht
Nm_A	páipéar litreach	páipéar,litreach
Nm_Nf	bord scríbhneoireachta	bord,scríbhneoireacht
Nm_Nm	leamhán sléibhe	leamhán,sliabh
Nm_Nf	cumann luamhaireachta	cumann,luamhaireacht
Nm_Nf	miosúr slaite	miosúr,slat
Nm_Nm	oibrí stóir	oibrí,stór
Nm_PrA_NmComE	imeacht ón gcúrsa	imeacht,ó,cúrsa
Nm_Nf	éadach altóra	éadach,altóir
Nm_VA	údar millte	údar,millte
Nm_A	áiléar caoch	áiléar,caoch
Nm_Nm	ábhar uafáis	ábhar,uafás
Nm_Nm	ábhar uafáis	ábhar,uafás
Nm_Nm	ábhar oifigigh	ábhar,oifigeach
Nm_Nf	éadach cáise	éadach,cáis
Nm_AB	ábhar daite	ábhar,daite
Nm_Nf	éan cluana	éan,cluain
Nm_Nf	ísliú céime	ísliú,céim
Nm_Nf	ábhar dícháilíochta	ábhar,dícháilíocht
Nm_Nm	árachas dóiteáin	árachas,dóiteán
Nm_Nm	ábhar urláir	ábhar,urlár
Nm_Nf	áras gleacaíochta	áras,gleacaíocht
Nm_Nm	éadach baile	éadach,baile
Nm_A	éadach gairéadach	éadach,gairéadach
Nm_Nf	úinéir talún	úinéir,talamh
Nm_VA	éadach nite	éadach,nite
Nm_Nf	éadach ciumhaise	éadach,ciumhais
Nm_VA	áiléar oscailte	áiléar,oscailte
Nm_A	éadach uiscedhíonach	éadach,uiscedhíonach
Nm_A	áilleagán intreach	áilleagán,intreach
Nm_Nf	éan aithrise	éan,aithris
Nm_Nm	éadach boird	éadach,bord
Nm_Nm	ábhar datha	ábhar,dath
Nm_Nm	éadach pioscais	éadach,pioscas
Nm_VA	áras cónaithe	áras,cónaithe
Nm_Nf	éadan céime	éadan,céim
Nm_Nm	ósta bóthair	ósta,bóthar
Nm_A	áilleagán intreach	áilleagán,intreach
Nm_Nm	éadach seoil	éadach,seol
Nm_VA	éadan rite	éadan,rite
Nm_VNTGen	éan ceoil	éan,ceol
Nm_VNTGen	éan ceoil	éan,ceol
Nm_A	éadach spúinseach	éadach,spúinseach
Nm_Nm	éan coilm	éan,colm
Nm_Nf	ábhar culaithe	ábhar,culaith
Nm_Nf	éirí gréine	éirí,grian
Nm_Nf	áras máinliachta	áras,máinliacht
Nm_Nm	ábhar iontais	ábhar,iontas
Nm_VA	ábhar milsithe	ábhar,milsithe
Nm_Nm	éadach boird	éadach,bord
Nm_Pr_NfComL	éirí de thalamh	éirí,de,talamh
Nm_Nf	íocóir cánach	íocóir,cáin
Nm_Nf	éadach brád	éadach,bráid
Nm_VNTGen	éan ceoil	éan,ceol
Nm_Nf	éadach céarach	éadach,céir
Nm_Nf	éadach olla	éadach,olann
Nm_A	fuath gorm	fuath,gorm
Nm_A	dréimire gorm	dréimire,gorm
Nm_A	geata mór	geata,mór
Nm_Nf	fear faille	fear,faill
Nm_Nm	píosa guail	píosa,gual
Nm_Nm	éan coiligh	éan,coileach
Nm_Nm	rabhadh baoil	rabhadh,baol
Nm_Nm	solas lae	solas,lá
Nm_NSt	teilgean cainte	teilgean,caint
Nm_VNTIGen	mearbhall cuntais	mearbhall,cuntas
Nm_A	ráiteas neamhchruinn	ráiteas,neamhchruinn
Nm_NSt	ábhar magaidh	ábhar,magadh
Nm_A	néal ceathach	néal,ceathach
Nm_VNIGen	scamall báistí	scamall,báisteach
Nm_Nm	portán iarainn	portán,iarann
Nm_Nf	portán faoilinne	portán,faoileann
Nm_A	caislín dearg	caislín,dearg
Nm_Nf	greim scornaí	greim,scornach
Nf_NfL	cuimilt bhoise	cuimilt,bos
Nf_A	siúlóid bheag	siúlóid,beag
Nm_Nm	geábh siúil	geábh,siúl
Nf_NfL	láthair choinne	láthair,coinne
Nm_Nf	leagan abairte	leagan,abairt
Nf_A	tarraingt bheag	tarraingt,beag
Nm_A	sracadh tobann	sracadh,tobann
Nm_Nm	binse breithimh	binse,breitheamh
Nm_A	luí cam	luí,cam
Nm_Nf	claon adhairte	claon,adhairt
Nm_A	sciata garbh	sciata,garbh
Nm_A	roc garbh	roc,garbh
Nm_Nf	caiteoir snaoise	caiteoir,snaois
Nm_A	luach réil	luach,réil
Nm_A	ábhar grinn	ábhar,grinn
Nf_A	purgóid ghoirt	purgóid,goirt
Nm_A	salann purgóideach	salann,purgóideach
Nm_VNIGen	nós imeachta	nós,imeacht
Nm_Nm	ceo deannaigh	ceo,deannach
Nm_Nm	am sosa	am,sos
Nm_NSt	am súgartha	am,súgradh
Nf_AB	gné mhínormálta	gné,mínormálta
Nf_Nm	ciall focail	ciall,focal
Nf_Nf	géire intinne	géire,intinn
Nm_Nf	bád faisnéise	bád,faisnéis
Nf_Nf	láthair teagmhála	láthair,teagmháil
Nf_A	cathaoir uilleach	cathaoir,uilleach
Nf_A	scléaróis artaireach	scléaróis,artaireach
Nf_Nm	cóisir teaghlaigh	cóisir,teaghlach
Nf_Nm	bean gill	bean,geall
Nf_Nm	féile bainc	féile,banc
Nf_Nf	iall troighe	iall,troigh
Nf_A	rilíf íseal	rilíf,íseal
Nf_VNTIGen	culaith snámha	culaith,snámh
Nf_VNTIGen	fallaing snámha	fallaing,snámh
Nf_VNTIGen	gnáthóg snámha	gnáthóg,snámh
Nf_VNTIGen	fallaing snámha	fallaing,snámh
Nf_Nm	athchoirt póirt	athchoirt,pórt
Nf_Pr_NfComL	obair gan chuma	obair,gan,cuma
Nf_NfL	téad ghraidhpe	téad,graidhp
Nf_A	raithneach mhór	raithneach,mór
Nm_Nm	crios uchta	crios,ucht
Nf_Pr_NmComL	éadroime ar uisce	éadroime,ar,uisce
Nf_Nf	troid coille	troid,coill
Nf_VNIGen	láthair campála	láthair,campáil
Nf_Nm	cóip carbóin	cóip,carbón
Nf_Pr_NfComL	tabhairt ar aghaidh	tabhairt,ar,aghaidh
Nf_Nm	súil cait	súil,cat
Nf_Nm	feoil capaill	feoil,capall
Nf_VNTIGen	buíon troda	buíon,troid
Nf_A	máille lúbach	máille,lúbach
Nm_Nf	droim cathaoireach	droim,cathaoir
Nm_na_Nf	dlí na láimhe	dlí,na,lámh
Nf_Nm	scair guail	scair,gual
Nf_Nm	láthair guail	láthair,gual
Nf_Nm	mianadóireacht guail	mianadóireacht,gual
Nf_Nm	sluasaid guail	sluasaid,gual
Nf_Nm	ola troisc	ola,trosc
Nf_Nf	cnámh crúibe	cnámh,crúb
Nf_VNTIGen	caint reatha	caint,rith
Nf_Nm	cairt compáis	cairt,compás
Nf_Pr_NfComE	tabhairt i láthair	tabhairt,i,láthair
Nf_Pr_NmComL	tabhairt le chéile	tabhairt,le,céile
Nf_Nm	cóisir caidrimh	cóisir,caidreamh
Nf_Nm	ceárta cúipéara	ceárta,cúipéir
Nf_Nm	dias arbhair	dias,arbhar
Nf_Nf	bean tíre	bean,tír
Nf_Nf	seile cuaiche	seile,cuach
Nf_Nf	snáthaid cléithe	snáthaid,cliath
Nf_Nm	dleacht báis	dleacht,bás
Nf_Nm	sáinn báis	sáinn,bás
Nf_Nf	cathaoir deice	cathaoir,deic
Nf_Nf	rámhaille póite	rámhaille,póit
Nf_Nf	líne teorann	líne,teorainn
Nf_Nm	prochóg tí	prochóg,teach
Nf_Nm	sainaicme creidimh	sainaicme,creideamh
Nf_Pr_NfComL	tarraingt ó fhréamh	tarraingt,ó,fréamh
Nf_Nf	daoirse tola	daoirse,toil
Nf_Nm	titim drúchta	titim,drúcht
Nf_A	díospóireacht loighciúil	díospóireacht,loighciúil
Nf_Nm	cóisir dinnéir	cóisir,dinnéar
Nf_Nm	foireann dinnéir	foireann,dinnéar
Nf_Nm	banaltra ceantair	banaltra,ceantar
Nf_Nm	feoil capaill	feoil,capall
Nf_Nm	lámh dorais	lámh,doras
Nf_Nm	leac dorais	leac,doras
Nf_VA	plocóid thaosctha	plocóid,taosctha
Nf_VNTIGen	beilt tiomána	beilt,tiomáint
Nf_VNTIGen	ulóg tiomána	ulóg,tiomáint
Nf_Nm	cearc clóis	cearc,clós
Nf_Nm	ceirt deannaigh	ceirt,deannach
Nf_VNTI	taoide trá	taoide,trá
Nf_Nm	uirlis faobhair	uirlis,faobhar
Nf_Nm	caor troim	caor,trom
Nf_Pr_NfComL	cáin ar oidhreacht	cáin,ar,oidhreacht
Nf_A	leaba innill	leaba,innill
Nf_A	ola innill	ola,innill
Nf_VNTIGen	táille iontrála	táille,iontráil
Nf_VNTIGen	dóigh seanma	dóigh,seinm
Nf_Nm	cuid tosaigh	cuid,tosach
Nf_NfL	bileog bhreise	bileog,breis
Nf_Pr_NfComL	constaic gan choinne	constaic,gan,coinne
Nf_Nf	maidhm talún	maidhm,talamh
Nf_Nm	tír dúchais	tír,dúchas
Nf_VNTIGen	canáil soláthair	canáil,soláthar
Nf_Nf	scoil pionsóireachta	scoil,pionsóireacht
Nf_Nm	briogáid dóiteáin	briogáid,dóiteán
Nf_Nm	muilleoireacht plúir	muilleoireacht,plúr
Nm_na_Nf	tréad na heaglaise	tréad,na,eaglais
Nf_Nf	fuaim coiscéime	fuaim,coiscéim
Nf_Nf	riail troighe	riail,troigh
Nf_Nf	aclaíocht coise	aclaíocht,cos
Nf_Nm	deirfiúr comhaltais	deirfiúr,comhaltas
Nf_VNTIGenL	aimsir sheaca	aimsir,sioc
Nm_VNTIGenL	tairne sheaca	tairne,sioc
Nf_Nm	tabhairt toraidh	tabhairt,toradh
Nf_Nm	trádáil fionnaidh	trádáil,fionnadh
Nf_A	foireann niamhrach	foireann,niamhrach
Nf_Nm	púróg domlais	púróg,domlas
Nf_Nm	bearna cloird	bearna,clord
Nf_Nm	fuinneog gairéid	fuinneog,gairéad
Nf_VNTIGen	doimhneacht snámha	doimhneacht,snámh
Nf_Pr_NfComL	tabhairt ar ais	tabhairt,ar,ais
Nf_Pr	tabhairt do	tabhairt,do
Nf_Nm	coiscéim gandail	coiscéim,gandal
Nf_Nf	scoil gramadaí	scoil,gramadach
Nf_Nm	plásóg féir	plásóg,féar
Nm_Nm	dorú grinnill	dorú,grinneall
Nf_Nm	láthair tí	láthair,teach
Nf_Nm	liag drandail	liag,drandal
Nf_Nf	scuab gruaige	scuab,gruaig
Nf_A	líne chaol	líne,caol
Nf_Nf	eangach gruaige	eangach,gruaig
Nm_Nf	luach leathphingine	luach,leathphingin
Nf_Nm	culaith capaill	culaith,capall
Nm_na_Nf	creamh na muice	creamh,na,muc
Nf_A	sceach gheal	sceach,geal
Nf_A	gaoth ghann	gaoth,gann
Nf_Nm	brocach cearrbhachais	brocach,cearrbhachas
Nf_NSt	bean oibre	bean,obair
Nf_Nm	dronn cnoic	dronn,cnoc
Nf_VNTGenL	deis choinneála	deis,coinneáil
Nf_Nm	feirm baile	feirm,baile
Nf_Nm	cídeog capaill	cídeog,capall
Nf_Nm	feoil capaill	feoil,capall
Nf_Nm	seithe capaill	seithe,capall
Nf_Nm	bratach comhlachta	bratach,comhlacht
Nf_VNTIGen	dúiche seilge	dúiche,seilg
Nf_Pr_NmComL	saoirse ó phionós	saoirse,ó,pionós
Nf_Nf	seilbh beinifíse	seilbh,beinifís
Nf_Nf	malairt tuine	malairt,tuin
Nf_VNT	cáipéis dlí	cáipéis,dlí
Nf_Pr_NmComE	coinneáil ar gcúl	coinneáil,ar,cúl
Nm_VNTIGen	cuaille léime	cuaille,léim
Nf_Pr_NfComE	coinneáil i ndeis	coinneáil,i,deis
Nf_A	clais eochrach	clais,eochrach
Nf_Nm	ridireacht fáin	ridireacht,fán
Nf_NSt	foireann oibre	foireann,obair
Nf_Nf	gníomhaireacht talún	gníomhaireacht,talamh
Nf_Nf	maidhm talún	maidhm,talamh
Nf_Nf	suirbhéireacht talún	suirbhéireacht,talamh
Nf_Nm	eochair tí	eochair,teach
Nf_Nf	leaba deile	leaba,deil
Nf_Pr_NfComL	tógáil ar léas	tógáil,ar,léas
Nf_NfL	líne bhreise	líne,breis
Nf_VNTGen	deoch ofrála	deoch,ofráil
Nf_Nm	leithne dearcaidh	leithne,dearcadh
Nf_A	fuáil innill	fuáil,innill
Nf_A	uirlis inneallach	uirlis,inneallach
Nf_A	spéir ronnach	spéir,ronnach
Nf_Nm	caille cloiginn	caille,cloigeann
Nf_Pr_NmComL	lámh ar ghunna	lámh,ar,gunna
Nf_Nf	láthair trádála	láthair,trádáil
Nf_Nm	sáil crainn	sáil,crann
Nf_VNTIGen	gloine tomhais	gloine,tomhas
Nf_VNTIGen	fiacail diúil	fiacail,diúl
Nf_A	tuairim earráideach	tuairim,earráideach
Nf_A	iontráil earráideach	iontráil,earráideach
Nf_Nm	caidhp tí	caidhp,teach
Nf_VNTIGen	bean fuála	bean,fuáil
Nf_A	bean ghorm	bean,gorm
Nf_VA	bileog bháite	bileog,báite
Nf_Nf	iníon deirféar	iníon,deirfiúr
Nf_NfL	duilleog bhríde	duilleog,bríd
Nf_Nm	bagairt cinn	bagairt,ceann
Nf_Pr_NmComE	faillí i seachadadh	faillí,i,seachadadh
Nm_Nf	rann nimhe	rann,nimh
Nf_Nf	iomarca tuirse	iomarca,tuirse
Nf_Nm	iomarca fáis	iomarca,fás
Nf_NSt	barraíocht oibre	barraíocht,obair
Nf_Nf	iomarca oibre	iomarca,obair
Nf_Nm	cairt daimh	cairt,damh
Nf_Nf	craobh pailme	craobh,pailm
Nf_NfL	cearc phéacóige	cearc,péacóg
Nf_A	abairt roscach	abairt,roscach
Nf_Pr_NfComE	coinneáil i gcuimhne	coinneáil,i,cuimhne
Nf_Pr_NmComL	aithris ar dhuine	aithris,ar,duine
Nf_A	tuairim láidir	tuairim,láidir
Nf_Pr_NmComL	obair ar thasc	obair,ar,tasc
Nf_VNTGen	lasair feighle	lasair,feighil
Nf_Nf	coirceog giúise	coirceog,giúis
Nf_Nf	coill giúise	coill,giúis
Nf_VA	clais ghafa	clais,gafa
Nf_VNTGen	gabhlóg ceoil	gabhlóg,ceol
Nf_A	giúis roisíneach	giúis,roisíneach
Nf_NSt	dírí cainte	dírí,caint
Nm_NSt	céile súgartha	céile,súgradh
Nf_NfL	lasc phlocóide	lasc,plocóid
Nf_NfL	luaidhe fheádóireachta	luaidhe,feádóireacht
Nf_A	muiceoil úr	muiceoil,úr
Nf_Nm	máistreás poist	máistreás,post
Nf_Nf	easpa cumhachta	easpa,cumhacht
Nf_Pr_NfComL	íocaíocht roimh ré	íocaíocht,roimh,ré
Nf_VNT	iníon rí	iníon,rí
Nf_A	dornálaíocht ghairmiúil	dornálaíocht,gairmiúil
Nf_NfL	cáin phrobháide	cáin,probháid
Nf_Pr_NmComE	gaireacht i ngaol	gaireacht,i,gaol
Nf_VA	scian bhearrtha	scian,bearrtha
Nf_Nm	lámh caidéil	lámh,caidéal
Nf_VNTIGen	liathróid dornála	liathróid,dornáil
Nf_VA	cleith sháite	cleith,sáite
Nf_Nf	suirbhéireacht cainníochta	suirbhéireacht,cainníocht
Nf_VNTIGen	slat athphlandála	slat,athphlandáil
Nf_VNIGen	cairt báistí	cairt,báisteach
Nf_VNTIGen	foirm admhála	foirm,admháil
Nf_Nm	athghabháil díoltais	athghabháil,díoltas
Nf_Pr_NfComL	admháil ar chiontacht	admháil,ar,ciontacht
Nf_Pr_NmComL	rís ar bhainne	rís,ar,bainne
Nf_Pr_NmComL	ciall ar bhóthar	ciall,ar,bóthar
Nf_A	léarscáil rollach	léarscáil,rollach
Nf_A	comhla rollach	comhla,rollach
Nf_NfL	sín fhréimhe	sín,fréamh
Nm_Nm	tairne diamaint	tairne,diamant
Nf_Nf	corr diallaite	corr,diallait
Nf_Nm	cídeog droma	cídeog,droim
Nf_NfL	gairleog choille	gairleog,coill
Nm_Nf	líon scríbe	líon,scríob
Nf_NfL	easpa bhrád	easpa,bráid
Nf_Nf	scrobarnach coille	scrobarnach,coill
Nm_Nf	coinleach féasóige	coinleach,féasóg
Nf_VNTIGen	bean fuála	bean,fuáil
Nf_VNTI	gráinneog trá	gráinneog,trá
Nf_PrA_NfComE	gaoth ón bhfarraige	gaoth,ó,farraige
Nf_Nm	breith greama	breith,greim
Nf_VNTIGen	líne tabhartha	líne,tabhairt
Nf_VNT	scáinne cneá	scáinne,cneá
Nf_VNTIGen	bean fuála	bean,fuáil
Nf_Nf	tabhairt turrainge	tabhairt,turraing
Nf_VNTIGen	buíon seilge	buíon,seilg
Nf_VNTIGen	buíon seilge	buíon,seilg
Nf_VNTIGen	comhla tógála	comhla,tógáil
Nf_VNIGen	rinc scátála	rinc,scátáil
Nf_Nf	boilgeog gallúnaí	boilgeog,gallúnach
Nf_VNIGenL	luaidhe ghrúntála	luaidhe,grúntáil
Nm_na_Nf	taobh na máthar	taobh,na,máthair
Nf_A	caint stadach	caint,stadach
Nf_Nf	luibh bléine	luibh,bléin
Nf_Nm	iall cóirséid	iall,cóirséad
Nf_Nm	tóir cúlsrutha	tóir,cúlsruth
Nf_A	neantóg loiscneach	neantóg,loiscneach
Nf_NfL	sóid shulfáite	sóid,sulfáit
Nf_A	suim iomlán	suim,iomlán
Nf_Nm	slat claímh	slat,claíomh
Nf_Nm	gabhlóg boird	gabhlóg,bord
Nf_Nm	spúnóg boird	spúnóg,bord
Nf_Nm	leadóg boird	leadóg,bord
Nf_VNTIGen	téad tógála	téad,tógáil
Nf_Nm	staic teaghráin	staic,teaghrán
Nf_Nm	gabháil buíochais	gabháil,buíochas
Nf_NfL	stoirm thoirní	stoirm,toirneach
Nf_A	cling stánach	cling,stánach
Nf_Nf	ionga coise	ionga,cos
Nf_Nf	blaosc toirtíse	blaosc,toirtís
Nf_A	ceist amhrasach	ceist,amhrasach
Nf_VA	téad tharraingthe	téad,tarraingthe
Nf_Pr_NfComL	tarraingt ar théad	tarraingt,ar,téad
Nf_Nm	cantaoir treabhsair	cantaoir,treabhsar
Nf_NfL	cuil bhealtaine	cuil,bealtaine
Nf_A	trucail íseal	trucail,íseal
Nf_A	lasc thruslógach	lasc,truslógach
Nf_A	magnóilia scáthach	magnóilia,scáthach
Nm_A	cúig easnamhach	cúig,easnamhach
Nm_Nm	cruibhéad fínéagair	cruibhéad,fínéagar
Nf_NfL	cuairt chigireachta	cuairt,cigireacht
Nf_Pr_NfComL	caochóg ar chóisir	caochóg,ar,cóisir
Nf_Nm	buile cogaidh	buile,cogadh
Nf_VA	téad tharraingthe	téad,tarraingthe
Nf_Nm	cora fuíll	cora,fuíoll
Nf_VNTGen	uige ceangail	uige,ceangal
Nf_NfL	cist gheire	cist,geir
Nm_Nm	geansaí gailf	geansaí,galf
Nf_Nf	sais fuinneoige	sais,fuinneog
Nf_Nf	leac fuinneoige	leac,fuinneog
Nf_A	tungstáit iarnúil	tungstáit,iarnúil
Nf_Nm	snoíodóireacht adhmaid	snoíodóireacht,adhmad
Nf_Nm	greanadóireacht adhmaid	greanadóireacht,adhmad
Nf_Nm	greanadóireacht adhmaid	greanadóireacht,adhmad
Nf_Nm	seid adhmaid	seid,adhmad
Nf_Nm	obair adhmaid	obair,adhmad
Nf_Nf	bróidnéireacht olla	bróidnéireacht,olann
Nf_NmGenW	iomarca focal	iomarca,focal
Nf_NSt	bean oibre	bean,obair
Nf_Nm	cnámh rosta	cnámh,rosta
Nf_VA	íobairt dhóite	íobairt,dóite
Nf_NmGenS	íoc liopaí	íoc,liopa
Nf_Nm	éide bróin	éide,brón
Nf_A	íocaíocht iomarcach	íocaíocht,iomarcach
Nf_Nm	éide catha	éide,cath
Nf_Nm	éanlaith clóis	éanlaith,clós
Nf_NfL	éide sheirbhíse	éide,seirbhís
Nf_Nm	éagsúlacht datha	éagsúlacht,dath
Nf_Nm	éanlaith uisce	éanlaith,uisce
Nf_VNTIGenL	éanlaith sheilge	éanlaith,seilg
Nf_VNTIGen	éanlaith seilge	éanlaith,seilg
Nf_Nm	bean tí	bean,teach
Nf_Nm	bean lóistín	bean,lóistín
Nm_AB	prós fileata	prós,fileata
Nf_Pr_NmComE	filíocht i bprós	filíocht,i,prós
Nf_NfL	banaltra chíche	banaltra,cíoch
Nf_VNTGen	bean oiliúna	bean,oiliúint
Nm_Nm	bád aeir	bád,aer
Nm_Nm	tocht aeir	tocht,aer
Nm_Nm	ducht aeir	ducht,aer
Nm_Nm	tocht aeir	tocht,aer
Nm_Nm	brú aeir	brú,aer
Nm_Nm	lán bascaeid	lán,bascaed
Nm_Nm	bolgán aeir	bolgán,aer
Nm_Nm	leifteanant aeir	leifteanant,aer
Nm_Nm	simléar aeir	simléar,aer
Nf_Nm	fótagrafaíocht aeir	fótagrafaíocht,aer
Nf_Nm	boilgeog aeir	boilgeog,aer
Nf_Nm	céim captaein	céim,captaen
Nf_Nm	comhla aeir	comhla,aer
Nm_Nf	poll ascaille	poll,ascaill
Nm_Nf	poll luaithe	poll,luaithe
Nm_A	poll dubh	poll,dubh
Nm_Nf	poll séite	poll,séite
Nm_Nm	poll buama	poll,buama
Nm_Nf	poll tóraíochta	poll,tóraíocht
Nm_Nf	poll plocóide	poll,plocóid
Nm_Nf	poll cré	poll,cré
Nm_Nm	poll sóláis	poll,sólás
Nm_Nm	poll gairbhéil	poll,gairbhéal
Nm_Nf	poll glúine	poll,glúin
Nm_Nm	poll mianaigh	poll,mianach
Nm_Nf	poll luiche	poll,luch
Nm_Nm	poll tairne	poll,tairne
Nm_Nf	poll ola	poll,ola
Nm_Nm	poll bioráin	poll,biorán
Nm_Nm	poll domhain	poll,domhan
Nm_Nm	poll leideora	poll,leideoir
Nm_Nm	poll coinín	poll,coinín
Nm_Nm	poll mianaigh	poll,mianach
Nm_Nm	poll sliogáin	poll,sliogán
Nm_Nf	poll faire	poll,faire
Nm_Nf	poll gaile	poll,gal
Nm_VA	poll súite	poll,súite
Nm_Nm	poll snámha	poll,snámh
Nm_Nm	poll maiste	poll,maiste
Nm_Nm	poll iomlaisc	poll,iomlasc
Nm_VA	poll silte	poll,silte
Nm_Nf	poll péiste	poll,péist
Nm_Nm	poll stopalláin	poll,stopallán
Nm_Nf	déanamh déirce	déanamh,déirc
Nm_Nm	acht maithiúnais	acht,maithiúnas
Nm_Nm	barra cúinne	barra,cúinne
Nm_Nm	brac cúinne	brac,cúinne
Nm_Nm	ceann réitigh	ceann,réiteach
Nm_Nf	suaitheantas muinchille	suaitheantas,muinchille
Nm_Nf	saighdiúir airtléire	saighdiúir,airtléire
Nm_Nf	bosca luaithe	bosca,luaithe
Nm_Nf	bosca luaithe	bosca,luaithe
Nm_Nf	panna luaithe	panna,luaithe
Nm_Nm	buachaill siopa	buachaill,siopa
Nm_Nm	cailín siopa	cailín,siopa
Nm_Nm	cúl taca	cúl,taca
Nm_Nm	gairdín cúil	gairdín,cúl
Nm_Nm	staighre folaigh	staighre,folach
Nm_Nm	bosca sprionga	bosca,sprionga
Nm_Nf	leithead aigne	leithead,aigne
Nm_Nm	coileach turcaí	coileach,turcaí
Nm_Nf	bearnán lachan	bearnán,lacha
Nm_Nm	suíochán bairille	suíochán,bairille
Nm_Nm	peata coinín	peata,coinín
Nm_Nm	oifigeach rialtais	oifigeach,rialtas
Nm_Nm	teach siopa	teach,siopa
Nm_Nm	fear bus	fear,bus
Nm_Nm	crúca cnaipe	crúca,cnaipe
Nm_Nm	cosán cúil	cosán,cúl
Nm_Nm	cábán tiománaí	cábán,tiománaí
Nm_Nm	bun cabáiste	bun,cabáiste
Nm_Nm	capall caib	capall,cab
Nm_Nm	iarnród cábla	iarnród,cábla
Nm_Nm	bád cábla	bád,cábla
Nm_Nm	crann cócó	crann,cócó
Nm_Nm	caipín cúil	caipín,cúl
Nm_Nm	stól campa	stól,campa
Nm_Nm	grán canáraí	grán,canáraí
Nm_Nf	solas coinnle	solas,coinneal
Nm_Nm	sú cána	sú,cána
Nm_Nm	siúcra cána	siúcra,cána
Nm_Nm	boiscín stáin	boiscín,stán
Nm_Nm	luamhán crúca	luamhán,crúca
Nm_Nm	scriú caipín	scriú,caipín
Nm_Nm	clár rásaí	clár,rásaí
Nm_Nm	bealach cóiste	bealach,cóiste
Nm_Nf	seoltóir bó	seoltóir,bó
Nm_Nm	fear siléir	fear,siléar
Nm_Nf	leacht cuimhne	leacht,cuimhne
Nm_Nm	leathchúlaí láir	leathchúlaí,lár
Nm_Nm	gréagán láir	gréagán,lár
Nm_Nf	teanntán slabhra	teanntán,slabhra
Nm_Nf	cás slabhra	cás,slabhra
Nm_Nf	tomhaisteoir slabhra	tomhaisteoir,slabhra
Nm_Nf	greim slabhra	greim,slabhra
Nm_Nf	ceannas comhairle	ceannas,comhairle
Nm_Nm	cailín seomra	cailín,seomra
Nm_Nm	ceannaí mála	ceannaí,mála
Nm_Nm	fráma simléir	fráma,simléar
Nm_Nm	croca simléir	croca,simléar
Nm_Nm	stoc simléir	stoc,simléar
Nm_Nm	soitheach bainne	soitheach,bainne
Nm_Nm	fánán uisce	fánán,uisce
Nm_Nm	réiteoir gunna	réiteoir,gunna
Nm_Nm	ciseán éadaigh	ciseán,éadach
Nm_Nm	déantóir éadaigh	déantóir,éadach
Nm_Nm	ceannaí éadaigh	ceannaí,éadach
Nm_Nm	capall cóiste	capall,cóiste
Nm_Nm	teach cóiste	teach,cóiste
Nm_Nm	scriú cóiste	scriú,cóiste
Nm_Nm	imeallbhord cósta	imeallbhord,cósta
Nm_Nm	crochadán cóta	crochadán,cóta
Nm_Nm	cábán píolóta	cábán,píolóta
Nm_Nm	síol cócó	síol,cócó
Nm_Nm	síol caife	síol,caife
Nm_Nm	meilteoir caife	meilteoir,caife
Nm_Nm	seomra caife	seomra,caife
Nm_Nm	fear comhair	fear,comhar
Nm_Nf	aisteoir coiméide	aisteoir,coiméide
Nm_Nm	ball earra	ball,earra
Nm_na_Nf	cuas na cluaise	cuas,na,cluais
Nm_Nm	déantóir milseogra	déantóir,milseogra
Nm_Nf	col fola	col,fuil
Nm_Nm	teach bia	teach,bia
Nm_Nm	fear comhair	fear,comhar
Nm_Nm	cúntóir siopa	cúntóir,siopa
Nm_Nf	comhthíreach mná	comhthíreach,bean
Nm_Nf	gabhálaí bó	gabhálaí,bó
Nm_Nf	aoire bó	aoire,bó
Nm_Nf	craiceann bó	craiceann,bó
Nm_Nf	fear bó	fear,bó
Nm_Nf	biorán cróise	biorán,cróise
Nm_Nm	cruas crústa	cruas,crústa
Nm_Nm	racht goil	racht,gol
Nm_Nf	céile dé	céile,dé
Nm_Nf	bealach ola	bealach,ola
Nm_Nm	ceannaí sceanra	ceannaí,sceanra
Nm_Nm	mac sáir	mac,sár
Nm_Nm	cailín déirí	cailín,déirí
Nm_Nm	buachaill déirí	buachaill,déirí
Nm_Nm	crann daimsín	crann,daimsín
Nm_Nf	ceol rince	ceol,rinc
Nm_Nf	rinceoir mná	rinceoir,bean
Nm_Nf	múinteoir rince	múinteoir,rinc
Nm_Nm	lá cairde	lá,cairde
Nm_Nf	ruathar buile	ruathar,buile
Nm_Nm	gníomhas ionpháirtí	gníomhas,ionpháirtí
Nm_Nm	caipín fiagaí	caipín,fiagaí
Nm_Nf	scaoileadh snaidhme	scaoileadh,snaidhm
Nm_Nf	guthán diaile	guthán,diail
Nm_Nm	cuaille treo	cuaille,treo
Nm_Nm	bruscar mianaigh	bruscar,mianach
Nm_Nf	banc lascaine	banc,lascaine
Nm_Nf	luach lascaine	luach,lascaine
Nf_Nm	cré suaitheantais	cré,suaitheantas
Nm_Nm	maingín mairnéalaigh	maingín,mairnéalach
Nm_Nm	teach síbín	teach,síbín
Nm_Nf	cion ranna	cion,roinn
Nm_Nm	coire campa	coire,campa
Nm_Nm	briosca madra	briosca,madra
Nm_Nm	cairrín madra	cairrín,madra
Nm_Nm	coiléar madra	coiléar,madra
Nm_Nm	cró madra	cró,madra
Nm_Nm	fuíoll bia	fuíoll,bia
Nm_Nm	tobán níocháin	tobán,níochán
Nm_Nf	tairne comhla	tairne,comhla
Nm_Nm	triopall éadaigh	triopall,éadach
Nm_Nf	rialtán tarraingthe	rialtán,tarraingt
Nm_Nf	muileann tarraingthe	muileann,tarraingt
Nm_Nf	inneall tarraingthe	inneall,tarraingt
Nm_Nf	crúca tarraingthe	crúca,tarraingt
Nm_VA	seomra suite	seomra,suite
Nm_Nf	feadán tarraingthe	feadán,tarraingt
Nm_Nm	seaicéad seomra	seaicéad,seomra
Nm_Nm	cóta tráthnóna	cóta,tráthnóna
Nm_Nm	oighear síobáin	oighear,síobán
Nm_Nf	gaineamh séite	gaineamh,séite
Nm_Nm	trach uisce	trach,uisce
Nm_Nm	cuirtín cúlra	cuirtín,cúlra
Nm_Nm	ceol druma	ceol,druma
Nm_Nm	ceol druma	ceol,druma
Nm_Nf	grán lachan	grán,lacha
Nm_Nm	bord freastail	bord,freastal
Nm_Nf	claibín comhla	claibín,comhla
Nm_Nm	teach bia	teach,bia
Nm_Nf	tús ré	tús,ré
Nm_Nf	iolar mara	iolar,muir
Nm_Nm	gúna tráthnóna	gúna,tráthnóna
Nm_Nm	cruinniú spóirt	cruinniú,spórt
Nm_Nf	cead saoire	cead,saoire
Nm_NfGenW	cupa súl	cupa,súil
Nm_Nm	bolta cró	bolta,cró
Nm_NfGenW	uiscealach súl	uiscealach,súil
Nm_Nm	rothar páiste	rothar,páiste
Nm_Nf	lampa draíochta	lampa,draíocht
Nm_Nm	fáinne sí	fáinne,sí
Nm_Nm	suaitheantas fabhair	suaitheantas,fabhar
Nm_Nm	feo sainoidhrithe	feo,sainoidhriú
Nm_Nm	máistir pionsa	máistir,pionsa
Nm_Nm	ribe snáithín	ribe,snáithín
Nm_Nm	bogha veidhlín	bogha,veidhlín
Nm_Nm	cóiriú machaire	cóiriú,machaire
Nm_Nm	gunna machaire	gunna,machaire
Nm_Nm	ospidéal machaire	ospidéal,machaire
Nm_Nf	oighear má	oighear,má
Nm_Nf	crann fige	crann,fige
Nm_Nm	iomaitheoir ceannchluiche	iomaitheoir,ceannchluiche
Nm_Nm	lorgán radhairc	lorgán,radharc
Nm_Nm	airgead scoit	airgead,scot
Nm_Nf	branra tine	branra,tine
Nm_Nf	bríce tine	bríce,tine
Nm_Nf	folach tine	folach,tine
Nm_Nm	bád iascaigh	bád,iascach
Nm_Nf	captaen bratloinge	captaen,bratlong
Nm_Nm	béal píopa	béal,píopa
Nm_Nm	eitleán uisce	eitleán,uisce
Nm_Nm	clár coisí	clár,coisí
Nm_Nm	caipín foráiste	caipín,foráiste
Nm_Nm	vaigín foráiste	vaigín,foráiste
Nm_Nm	mana oilc	mana,olc
Nm_Nm	carráiste tosaigh	carráiste,tosach
Nm_Nm	bord tosaigh	bord,tosach
Nm_Nm	imeall tosaigh	imeall,tosach
Nm_Nm	crann tosaigh	crann,tosach
Nm_Nm	stáitse tosaigh	stáitse,tosach
Nm_Nm	coileán sionnaigh	coileán,sionnach
Nm_Nm	sruth fíoruisce	sruth,fíoruisce
Nm_Nf	sceimhle mná	sceimhle,bean
Nm_Nm	coscán tosaigh	coscán,tosach
Nm_Nm	leathanach tosaigh	leathanach,tosach
Nm_Nm	seomra tosaigh	seomra,tosach
Nm_Nm	aer múchta	aer,múchadh
Nm_Nm	ceadúnas géim	ceadúnas,géim
Nm_Nm	píobán gairdín	píobán,gairdín
Nm_Nm	teach geata	teach,geata
Nm_Nm	cuaille geata	cuaille,geata
Nm_Nm	casúr ceantálaí	casúr,ceantálaí
Nm_Nm	iompróir frídín	iompróir,frídín
Nm_Nm	cnó sinséir	cnó,sinséar
Nm_Nf	cás gloine	cás,gloine
Nm_Nf	gearrthóir gloine	gearrthóir,gloine
Nm_Nf	balla gloine	balla,gloine
Nm_Nf	ceann gloine	ceann,gloine
Nm_Nf	snáth gloine	snáth,gloine
Nm_Nf	oibrí gloine	oibrí,gloine
Nm_Nf	grá dé	grá,dé
Nm_Nm	buailteoir óir	buailteoir,ór
Nm_Nm	deannach óir	deannach,ór
Nm_Nm	mianach óir	mianach,ór
Nm_Nm	niteoir óir	niteoir,ór
Nm_Nf	craiceann gé	craiceann,gé
Nm_Nf	cleite gé	cleite,gé
Nm_Nm	buidéal mealbhacáin	buidéal,mealbhacán
Nm_Nf	giolla faiche	giolla,faiche
Nm_Nm	teach garda	teach,garda
Nm_Nm	seomra garda	seomra,garda
Nm_Nf	coileach guine	coileach,guine
Nm_Nm	póirín guma	póirín,guma
Nm_Nm	carráiste gunna	carráiste,gunna
Nm_Nf	caol mara	caol,muir
Nm_Nf	fual fola	fual,fuil
Nm_Nm	spás ribe	spás,ribe
Nm_Nm	sprionga ribe	sprionga,ribe
Nm_Nm	cruas croí	cruas,croí
Nm_Nm	ceannaí iarnra	ceannaí,iarnra
Nm_Nm	ribín hata	ribín,hata
Nm_Nm	múnla hata	múnla,hata
Nm_Nm	bosca hata	bosca,hata
Nm_Nm	bacán hata	bacán,hata
Nm_Nm	biorán hata	biorán,hata
Nm_Nf	costas tarraingthe	costas,tarraingt
Nm_Nm	feadán cábla	feadán,cábla
Nm_Nm	galar croí	galar,croí
Nm_Nm	cruas croí	cruas,croí
Nf_Nm	fleasc póca	fleasc,póca
Nm_Nm	hocas gairdín	hocas,gairdín
Nm_Nm	iarann fonsa	iarann,fonsa
Nm_Nm	piostal marcaigh	piostal,marcach
